"REGION","ONSET_DATE"
"a","2010-07-06"
"a","2010-07-14"
"a","2010-07-15"
"a","2010-07-15"
"a","2010-07-16"
"a","2010-07-20"
"a","2010-07-23"
"a","2010-07-24"
"a","2010-07-26"
"a","2010-07-27"
"a","2010-07-29"
"a","2010-08-03"
"a","2010-08-05"
"a","2010-08-06"
"a","2010-08-07"
"a","2010-08-07"
"a","2010-08-12"
"a","2010-08-13"
"a","2010-08-17"
"a","2010-08-18"
"a","2010-08-20"
"a","2010-08-22"
"a","2010-08-24"
"a","2010-08-26"
"a","2010-09-03"
"a","2010-09-03"
"a","2010-09-04"
"a","2010-09-05"
"a","2010-09-05"
"a","2010-09-13"
"a","2010-09-17"
"a","2010-09-28"
"a","2010-09-29"
"a","2010-10-01"
"a","2011-07-20"
"a","2011-07-24"
"a","2011-07-28"
"a","2011-07-30"
"a","2011-08-01"
"a","2011-08-03"
"a","2011-08-04"
"a","2011-08-05"
"a","2011-08-07"
"a","2011-08-09"
"a","2011-08-09"
"a","2011-08-09"
"a","2011-08-11"
"a","2011-08-13"
"a","2011-08-14"
"a","2011-08-21"
"a","2011-08-23"
"a","2011-08-23"
"a","2011-08-23"
"a","2011-08-26"
"a","2011-08-28"
"a","2011-08-29"
"a","2011-09-01"
"a","2011-09-02"
"a","2011-09-02"
"a","2011-09-03"
"a","2011-09-12"
"a","2011-09-14"
"a","2011-09-25"
"a","2011-09-27"
"a","2011-09-29"
"a","2012-06-20"
"a","2012-07-22"
"a","2012-07-23"
"a","2012-07-24"
"a","2012-07-28"
"a","2012-07-31"
"a","2012-08-02"
"a","2012-08-05"
"a","2012-08-07"
"a","2012-08-07"
"a","2012-08-08"
"a","2012-08-11"
"a","2012-08-12"
"a","2012-08-15"
"a","2012-08-17"
"a","2012-08-17"
"a","2012-08-18"
"a","2012-08-19"
"a","2012-08-21"
"a","2012-08-22"
"a","2012-08-22"
"a","2012-08-24"
"a","2012-08-24"
"a","2012-08-26"
"a","2012-08-26"
"a","2012-09-01"
"a","2012-09-03"
"a","2012-09-05"
"a","2012-09-07"
"a","2012-09-16"
"a","2012-09-17"
"a","2012-09-20"
"a","2013-07-24"
"a","2013-07-29"
"a","2013-08-01"
"a","2013-08-04"
"a","2013-08-08"
"a","2013-08-09"
"a","2013-08-13"
"a","2013-08-13"
"a","2013-08-18"
"a","2013-08-22"
"a","2013-08-23"
"a","2013-08-24"
"a","2013-08-25"
"a","2013-08-26"
"a","2013-08-26"
"a","2013-08-26"
"a","2013-08-28"
"a","2013-08-30"
"a","2013-08-30"
"a","2013-08-31"
"a","2013-09-01"
"a","2013-09-04"
"a","2013-09-07"
"a","2013-09-11"
"a","2014-07-21"
"a","2014-07-26"
"a","2014-07-27"
"a","2014-08-08"
"a","2014-08-08"
"a","2014-08-09"
"a","2014-08-11"
"a","2014-08-12"
"a","2014-08-14"
"a","2014-08-16"
"a","2014-08-16"
"a","2014-08-17"
"a","2014-08-18"
"a","2014-08-18"
"a","2014-08-19"
"a","2014-08-20"
"a","2014-08-20"
"a","2014-08-25"
"a","2014-08-26"
"a","2014-08-27"
"a","2014-08-30"
"a","2014-08-31"
"a","2014-09-02"
"a","2014-09-03"
"a","2014-09-05"
"a","2014-09-06"
"a","2014-09-06"
"a","2014-09-08"
"a","2014-09-08"
"a","2014-09-09"
"a","2014-09-11"
"a","2014-09-11"
"a","2014-09-13"
"a","2014-09-14"
"a","2014-09-17"
"a","2014-09-20"
"a","2014-09-20"
"a","2014-09-22"
"a","2014-10-07"
"a","2015-06-26"
"a","2015-07-12"
"a","2015-07-13"
"a","2015-07-29"
"a","2015-08-01"
"a","2015-08-04"
"a","2015-08-05"
"a","2015-08-06"
"a","2015-08-08"
"a","2015-08-10"
"a","2015-08-13"
"a","2015-08-13"
"a","2015-08-15"
"a","2015-08-15"
"a","2015-08-16"
"a","2015-08-19"
"a","2015-08-19"
"a","2015-08-21"
"a","2015-08-23"
"a","2015-08-23"
"a","2015-08-27"
"a","2015-08-28"
"a","2015-08-29"
"a","2015-08-31"
"a","2015-09-02"
"a","2015-09-02"
"a","2015-09-02"
"a","2015-09-08"
"a","2015-09-11"
"a","2015-09-14"
"a","2015-09-19"
"a","2015-09-30"
"a","2015-10-07"
"a","2016-07-18"
"a","2016-07-24"
"a","2016-08-03"
"a","2016-08-05"
"a","2016-08-05"
"a","2016-08-06"
"a","2016-08-13"
"a","2016-08-13"
"a","2016-08-16"
"a","2016-08-19"
"a","2016-08-22"
"a","2016-08-22"
"a","2016-08-22"
"a","2016-08-24"
"a","2016-08-28"
"a","2016-08-29"
"a","2016-08-29"
"a","2016-09-01"
"a","2016-09-02"
"a","2016-09-08"
"a","2016-09-08"
"a","2016-09-12"
"a","2016-09-13"
"a","2016-09-14"
"a","2016-09-16"
"a","2016-09-17"
"a","2016-09-27"
"a","2017-07-17"
"a","2017-07-18"
"a","2017-07-22"
"a","2017-07-23"
"a","2017-07-27"
"a","2017-07-28"
"a","2017-08-03"
"a","2017-08-04"
"a","2017-08-07"
"a","2017-08-08"
"a","2017-08-09"
"a","2017-08-14"
"a","2017-08-14"
"a","2017-08-17"
"a","2017-08-19"
"a","2017-08-21"
"a","2017-08-22"
"a","2017-08-23"
"a","2017-08-24"
"a","2017-08-25"
"a","2017-08-28"
"a","2017-08-30"
"a","2017-09-01"
"a","2017-09-01"
"a","2017-09-03"
"a","2017-09-05"
"a","2017-09-06"
"a","2017-09-07"
"a","2017-09-22"
"a","2018-07-21"
"a","2018-07-24"
"a","2018-07-31"
"a","2018-08-04"
"a","2018-08-05"
"a","2018-08-06"
"a","2018-08-08"
"a","2018-08-10"
"a","2018-08-12"
"a","2018-08-12"
"a","2018-08-14"
"a","2018-08-15"
"a","2018-08-15"
"a","2018-08-17"
"a","2018-08-19"
"a","2018-08-26"
"a","2018-08-26"
"a","2018-08-27"
"a","2018-08-29"
"a","2018-09-01"
"a","2018-09-03"
"a","2018-09-03"
"a","2018-09-08"
"a","2018-09-10"
"a","2018-09-11"
"a","2018-09-19"
"a","2018-09-21"
"a","2019-07-13"
"a","2019-07-22"
"a","2019-07-22"
"a","2019-07-26"
"a","2019-07-29"
"a","2019-07-29"
"a","2019-08-06"
"a","2019-08-08"
"a","2019-08-10"
"a","2019-08-10"
"a","2019-08-11"
"a","2019-08-12"
"a","2019-08-12"
"a","2019-08-14"
"a","2019-08-14"
"a","2019-08-17"
"a","2019-08-18"
"a","2019-08-19"
"a","2019-08-21"
"a","2019-08-21"
"a","2019-08-22"
"a","2019-08-24"
"a","2019-08-25"
"a","2019-08-25"
"a","2019-08-25"
"a","2019-08-26"
"a","2019-08-27"
"a","2019-08-27"
"a","2019-08-31"
"a","2019-09-03"
"a","2019-09-03"
"a","2019-09-08"
"a","2019-09-12"
"a","2019-09-15"
"a","2019-10-12"
"a","2019-10-13"
"a","2020-06-28"
"a","2020-07-30"
"a","2020-08-04"
"a","2020-08-04"
"a","2020-08-06"
"a","2020-08-10"
"a","2020-08-13"
"a","2020-08-13"
"a","2020-08-16"
"a","2020-08-18"
"a","2020-08-20"
"a","2020-08-29"
"a","2020-08-29"
"a","2020-08-30"
"a","2020-08-31"
"a","2020-08-31"
"a","2020-09-01"
"a","2020-09-04"
"a","2020-09-05"
"a","2020-09-07"
"a","2020-09-07"
"a","2020-09-08"
"a","2020-09-09"
"a","2020-09-15"
"a","2020-09-20"
"a","2021-07-16"
"a","2021-07-18"
"a","2021-07-18"
"a","2021-07-24"
"a","2021-07-24"
"a","2021-07-31"
"a","2021-07-31"
"a","2021-08-01"
"a","2021-08-04"
"a","2021-08-05"
"a","2021-08-09"
"a","2021-08-12"
"a","2021-08-12"
"a","2021-08-13"
"a","2021-08-14"
"a","2021-08-15"
"a","2021-08-16"
"a","2021-08-16"
"a","2021-08-17"
"a","2021-08-23"
"a","2021-08-23"
"a","2021-08-26"
"a","2021-08-28"
"a","2021-08-28"
"a","2021-08-29"
"a","2021-08-30"
"a","2021-09-02"
"a","2021-09-03"
"a","2021-09-06"
"a","2021-10-01"
"a","2021-10-06"
"a","2022-07-08"
"a","2022-07-09"
"a","2022-07-21"
"a","2022-07-22"
"a","2022-07-25"
"a","2022-08-01"
"a","2022-08-07"
"a","2022-08-07"
"a","2022-08-09"
"a","2022-08-10"
"a","2022-08-11"
"a","2022-08-12"
"a","2022-08-12"
"a","2022-08-13"
"a","2022-08-15"
"a","2022-08-19"
"a","2022-08-19"
"a","2022-08-26"
"a","2022-08-27"
"a","2022-09-01"
"a","2022-09-02"
"a","2022-09-04"
"a","2022-09-05"
"a","2022-09-05"
"a","2022-09-07"
"a","2022-09-07"
"a","2022-09-09"
"a","2022-09-12"
"a","2022-09-22"
"a","2022-09-27"
"a","2023-07-16"
"a","2023-07-20"
"a","2023-07-29"
"a","2023-08-02"
"a","2023-08-04"
"a","2023-08-04"
"a","2023-08-06"
"a","2023-08-08"
"a","2023-08-09"
"a","2023-08-14"
"a","2023-08-14"
"a","2023-08-14"
"a","2023-08-16"
"a","2023-08-17"
"a","2023-08-18"
"a","2023-08-20"
"a","2023-08-21"
"a","2023-08-22"
"a","2023-08-23"
"a","2023-08-23"
"a","2023-08-24"
"a","2023-08-25"
"a","2023-08-28"
"a","2023-08-29"
"a","2023-08-29"
"a","2023-08-31"
"a","2023-09-02"
"a","2023-09-04"
"a","2023-09-05"
"a","2023-09-06"
"a","2023-09-08"
"a","2023-09-12"
"a","2023-09-14"
"a","2023-09-15"
"a","2023-09-27"
"b","2010-07-09"
"b","2010-07-14"
"b","2010-07-21"
"b","2010-07-21"
"b","2010-07-21"
"b","2010-08-01"
"b","2010-08-01"
"b","2010-08-02"
"b","2010-08-02"
"b","2010-08-06"
"b","2010-08-11"
"b","2010-08-14"
"b","2010-08-16"
"b","2010-08-18"
"b","2010-08-19"
"b","2010-08-21"
"b","2010-08-25"
"b","2010-08-28"
"b","2010-08-28"
"b","2010-08-28"
"b","2010-08-31"
"b","2010-09-02"
"b","2010-09-10"
"b","2010-09-18"
"b","2010-09-24"
"b","2011-07-07"
"b","2011-07-09"
"b","2011-07-15"
"b","2011-07-16"
"b","2011-07-17"
"b","2011-07-19"
"b","2011-07-24"
"b","2011-07-25"
"b","2011-07-26"
"b","2011-07-27"
"b","2011-07-27"
"b","2011-07-28"
"b","2011-07-29"
"b","2011-08-03"
"b","2011-08-03"
"b","2011-08-03"
"b","2011-08-07"
"b","2011-08-13"
"b","2011-08-16"
"b","2011-08-17"
"b","2011-08-18"
"b","2011-08-19"
"b","2011-08-23"
"b","2011-08-23"
"b","2011-08-24"
"b","2011-08-25"
"b","2011-08-27"
"b","2011-08-29"
"b","2011-08-30"
"b","2011-09-05"
"b","2011-09-08"
"b","2011-09-09"
"b","2011-09-10"
"b","2011-09-19"
"b","2012-06-28"
"b","2012-06-29"
"b","2012-07-25"
"b","2012-07-27"
"b","2012-07-28"
"b","2012-07-28"
"b","2012-07-29"
"b","2012-07-30"
"b","2012-07-30"
"b","2012-07-30"
"b","2012-08-01"
"b","2012-08-02"
"b","2012-08-02"
"b","2012-08-06"
"b","2012-08-10"
"b","2012-08-10"
"b","2012-08-10"
"b","2012-08-11"
"b","2012-08-12"
"b","2012-08-13"
"b","2012-08-19"
"b","2012-08-19"
"b","2012-08-20"
"b","2012-08-21"
"b","2012-08-21"
"b","2012-08-21"
"b","2012-08-21"
"b","2012-08-23"
"b","2012-08-25"
"b","2012-08-25"
"b","2012-08-26"
"b","2012-08-30"
"b","2012-09-08"
"b","2012-09-11"
"b","2012-09-12"
"b","2012-09-17"
"b","2012-09-20"
"b","2012-09-28"
"b","2013-07-09"
"b","2013-07-12"
"b","2013-07-17"
"b","2013-07-28"
"b","2013-07-29"
"b","2013-07-29"
"b","2013-07-30"
"b","2013-08-04"
"b","2013-08-12"
"b","2013-08-18"
"b","2013-08-22"
"b","2013-08-23"
"b","2013-08-25"
"b","2013-08-26"
"b","2013-08-26"
"b","2013-08-28"
"b","2013-08-29"
"b","2013-09-02"
"b","2013-09-02"
"b","2013-09-06"
"b","2013-09-09"
"b","2013-09-09"
"b","2013-09-11"
"b","2013-09-12"
"b","2013-09-13"
"b","2013-09-21"
"b","2014-07-27"
"b","2014-08-01"
"b","2014-08-02"
"b","2014-08-09"
"b","2014-08-11"
"b","2014-08-15"
"b","2014-08-16"
"b","2014-08-24"
"b","2014-08-24"
"b","2014-08-31"
"b","2014-09-11"
"b","2014-09-12"
"b","2014-09-13"
"b","2014-09-15"
"b","2014-09-18"
"b","2014-09-21"
"b","2014-09-21"
"b","2015-06-30"
"b","2015-07-23"
"b","2015-07-25"
"b","2015-07-27"
"b","2015-07-27"
"b","2015-07-31"
"b","2015-08-02"
"b","2015-08-03"
"b","2015-08-04"
"b","2015-08-07"
"b","2015-08-09"
"b","2015-08-09"
"b","2015-08-13"
"b","2015-08-14"
"b","2015-08-16"
"b","2015-08-18"
"b","2015-08-22"
"b","2015-08-24"
"b","2015-08-24"
"b","2015-08-26"
"b","2015-08-27"
"b","2015-08-28"
"b","2015-08-30"
"b","2015-09-01"
"b","2015-09-02"
"b","2015-09-03"
"b","2015-09-05"
"b","2015-09-11"
"b","2015-09-18"
"b","2015-09-18"
"b","2015-09-24"
"b","2015-09-24"
"b","2015-10-01"
"b","2016-06-23"
"b","2016-07-11"
"b","2016-07-13"
"b","2016-07-21"
"b","2016-07-21"
"b","2016-07-22"
"b","2016-07-25"
"b","2016-07-27"
"b","2016-07-31"
"b","2016-08-01"
"b","2016-08-03"
"b","2016-08-04"
"b","2016-08-07"
"b","2016-08-09"
"b","2016-08-11"
"b","2016-08-13"
"b","2016-08-13"
"b","2016-08-15"
"b","2016-08-16"
"b","2016-08-18"
"b","2016-08-25"
"b","2016-08-26"
"b","2016-08-28"
"b","2016-08-29"
"b","2016-08-31"
"b","2016-08-31"
"b","2016-09-02"
"b","2016-09-05"
"b","2016-09-14"
"b","2016-09-23"
"b","2016-09-27"
"b","2017-07-24"
"b","2017-07-26"
"b","2017-07-26"
"b","2017-08-01"
"b","2017-08-02"
"b","2017-08-04"
"b","2017-08-07"
"b","2017-08-09"
"b","2017-08-09"
"b","2017-08-09"
"b","2017-08-13"
"b","2017-08-13"
"b","2017-08-13"
"b","2017-08-17"
"b","2017-08-18"
"b","2017-08-18"
"b","2017-08-18"
"b","2017-08-19"
"b","2017-08-20"
"b","2017-08-20"
"b","2017-08-22"
"b","2017-08-22"
"b","2017-08-24"
"b","2017-08-24"
"b","2017-08-25"
"b","2017-08-26"
"b","2017-08-30"
"b","2017-08-31"
"b","2017-09-01"
"b","2017-09-02"
"b","2017-09-04"
"b","2017-09-04"
"b","2017-09-13"
"b","2017-09-18"
"b","2017-09-18"
"b","2017-09-25"
"b","2017-09-30"
"b","2017-10-01"
"b","2017-10-03"
"b","2018-07-09"
"b","2018-07-22"
"b","2018-07-26"
"b","2018-07-26"
"b","2018-07-31"
"b","2018-08-02"
"b","2018-08-03"
"b","2018-08-04"
"b","2018-08-05"
"b","2018-08-06"
"b","2018-08-07"
"b","2018-08-08"
"b","2018-08-08"
"b","2018-08-12"
"b","2018-08-12"
"b","2018-08-13"
"b","2018-08-16"
"b","2018-08-17"
"b","2018-08-18"
"b","2018-08-19"
"b","2018-08-21"
"b","2018-08-21"
"b","2018-08-21"
"b","2018-08-22"
"b","2018-08-23"
"b","2018-08-25"
"b","2018-08-27"
"b","2018-08-28"
"b","2018-08-28"
"b","2018-08-30"
"b","2018-09-01"
"b","2018-09-01"
"b","2018-09-03"
"b","2018-09-03"
"b","2018-09-06"
"b","2018-09-08"
"b","2018-09-22"
"b","2018-09-25"
"b","2019-07-02"
"b","2019-07-04"
"b","2019-07-13"
"b","2019-07-30"
"b","2019-08-02"
"b","2019-08-02"
"b","2019-08-04"
"b","2019-08-05"
"b","2019-08-14"
"b","2019-08-17"
"b","2019-08-17"
"b","2019-08-17"
"b","2019-08-18"
"b","2019-08-19"
"b","2019-08-22"
"b","2019-08-24"
"b","2019-08-25"
"b","2019-08-30"
"b","2019-09-01"
"b","2019-09-04"
"b","2019-09-05"
"b","2019-09-08"
"b","2019-09-08"
"b","2019-09-10"
"b","2019-09-20"
"b","2019-09-26"
"b","2019-09-27"
"b","2019-09-30"
"b","2020-07-22"
"b","2020-08-03"
"b","2020-08-05"
"b","2020-08-09"
"b","2020-08-10"
"b","2020-08-14"
"b","2020-08-16"
"b","2020-08-17"
"b","2020-08-19"
"b","2020-08-19"
"b","2020-08-19"
"b","2020-08-21"
"b","2020-08-25"
"b","2020-08-26"
"b","2020-08-27"
"b","2020-08-29"
"b","2020-08-29"
"b","2020-08-31"
"b","2020-09-01"
"b","2020-09-02"
"b","2020-09-06"
"b","2020-09-09"
"b","2020-09-11"
"b","2020-09-11"
"b","2020-09-13"
"b","2020-09-16"
"b","2020-09-26"
"b","2021-07-07"
"b","2021-07-10"
"b","2021-07-22"
"b","2021-07-26"
"b","2021-08-03"
"b","2021-08-04"
"b","2021-08-05"
"b","2021-08-06"
"b","2021-08-06"
"b","2021-08-08"
"b","2021-08-08"
"b","2021-08-09"
"b","2021-08-09"
"b","2021-08-10"
"b","2021-08-13"
"b","2021-08-16"
"b","2021-08-17"
"b","2021-08-21"
"b","2021-08-22"
"b","2021-08-22"
"b","2021-08-23"
"b","2021-08-27"
"b","2021-08-29"
"b","2021-08-30"
"b","2021-09-01"
"b","2021-09-03"
"b","2021-09-03"
"b","2021-09-06"
"b","2021-09-07"
"b","2021-09-09"
"b","2021-09-12"
"b","2021-09-30"
"b","2021-10-01"
"b","2022-07-11"
"b","2022-07-12"
"b","2022-07-24"
"b","2022-07-27"
"b","2022-07-29"
"b","2022-07-29"
"b","2022-07-31"
"b","2022-08-01"
"b","2022-08-03"
"b","2022-08-04"
"b","2022-08-06"
"b","2022-08-11"
"b","2022-08-12"
"b","2022-08-13"
"b","2022-08-15"
"b","2022-08-17"
"b","2022-08-19"
"b","2022-08-20"
"b","2022-08-23"
"b","2022-08-23"
"b","2022-08-26"
"b","2022-08-28"
"b","2022-08-28"
"b","2022-08-30"
"b","2022-08-31"
"b","2022-09-04"
"b","2022-09-08"
"b","2022-09-22"
"b","2022-09-27"
"b","2022-10-06"
"b","2023-07-15"
"b","2023-07-15"
"b","2023-07-20"
"b","2023-07-20"
"b","2023-07-21"
"b","2023-07-26"
"b","2023-07-28"
"b","2023-07-31"
"b","2023-08-06"
"b","2023-08-10"
"b","2023-08-12"
"b","2023-08-13"
"b","2023-08-14"
"b","2023-08-15"
"b","2023-08-22"
"b","2023-08-24"
"b","2023-08-28"
"b","2023-08-31"
"b","2023-09-01"
"b","2023-09-05"
"b","2023-09-05"
"b","2023-09-12"
"b","2023-09-16"
"b","2023-09-26"
"b","2023-09-28"
"c","2010-07-14"
"c","2010-07-16"
"c","2010-07-18"
"c","2010-07-21"
"c","2010-07-24"
"c","2010-07-28"
"c","2010-07-29"
"c","2010-07-31"
"c","2010-07-31"
"c","2010-08-01"
"c","2010-08-01"
"c","2010-08-01"
"c","2010-08-02"
"c","2010-08-06"
"c","2010-08-10"
"c","2010-08-11"
"c","2010-08-12"
"c","2010-08-13"
"c","2010-08-14"
"c","2010-08-20"
"c","2010-08-20"
"c","2010-08-21"
"c","2010-08-24"
"c","2010-08-24"
"c","2010-08-26"
"c","2010-08-26"
"c","2010-08-27"
"c","2010-08-28"
"c","2010-08-30"
"c","2010-08-31"
"c","2010-09-05"
"c","2010-09-05"
"c","2010-09-12"
"c","2010-09-12"
"c","2010-09-17"
"c","2010-09-23"
"c","2010-09-28"
"c","2010-09-29"
"c","2010-10-09"
"c","2011-07-10"
"c","2011-07-14"
"c","2011-07-19"
"c","2011-07-19"
"c","2011-07-23"
"c","2011-07-23"
"c","2011-08-01"
"c","2011-08-03"
"c","2011-08-03"
"c","2011-08-06"
"c","2011-08-10"
"c","2011-08-16"
"c","2011-08-16"
"c","2011-08-16"
"c","2011-08-16"
"c","2011-08-18"
"c","2011-08-19"
"c","2011-08-19"
"c","2011-08-20"
"c","2011-08-25"
"c","2011-08-27"
"c","2011-08-30"
"c","2011-08-31"
"c","2011-09-03"
"c","2011-09-04"
"c","2011-09-13"
"c","2011-09-14"
"c","2011-09-16"
"c","2011-09-18"
"c","2011-09-28"
"c","2012-06-24"
"c","2012-07-11"
"c","2012-07-24"
"c","2012-07-29"
"c","2012-07-30"
"c","2012-07-30"
"c","2012-08-01"
"c","2012-08-01"
"c","2012-08-03"
"c","2012-08-06"
"c","2012-08-07"
"c","2012-08-11"
"c","2012-08-11"
"c","2012-08-12"
"c","2012-08-13"
"c","2012-08-14"
"c","2012-08-15"
"c","2012-08-15"
"c","2012-08-15"
"c","2012-08-16"
"c","2012-08-17"
"c","2012-08-18"
"c","2012-08-20"
"c","2012-08-25"
"c","2012-08-25"
"c","2012-08-25"
"c","2012-09-01"
"c","2012-09-03"
"c","2012-09-06"
"c","2012-09-16"
"c","2012-09-27"
"c","2012-09-28"
"c","2013-07-08"
"c","2013-07-09"
"c","2013-07-25"
"c","2013-07-28"
"c","2013-07-31"
"c","2013-08-01"
"c","2013-08-04"
"c","2013-08-04"
"c","2013-08-05"
"c","2013-08-05"
"c","2013-08-06"
"c","2013-08-07"
"c","2013-08-08"
"c","2013-08-09"
"c","2013-08-10"
"c","2013-08-13"
"c","2013-08-18"
"c","2013-08-20"
"c","2013-08-22"
"c","2013-08-28"
"c","2013-08-30"
"c","2013-09-05"
"c","2013-09-06"
"c","2013-09-06"
"c","2013-09-06"
"c","2013-09-06"
"c","2013-09-07"
"c","2013-09-08"
"c","2013-09-08"
"c","2013-09-20"
"c","2013-09-28"
"c","2013-10-10"
"c","2014-07-13"
"c","2014-07-21"
"c","2014-07-24"
"c","2014-07-24"
"c","2014-07-25"
"c","2014-07-28"
"c","2014-08-02"
"c","2014-08-02"
"c","2014-08-04"
"c","2014-08-05"
"c","2014-08-08"
"c","2014-08-09"
"c","2014-08-09"
"c","2014-08-11"
"c","2014-08-12"
"c","2014-08-14"
"c","2014-08-14"
"c","2014-08-15"
"c","2014-08-18"
"c","2014-08-20"
"c","2014-08-20"
"c","2014-08-21"
"c","2014-08-21"
"c","2014-08-24"
"c","2014-08-25"
"c","2014-09-06"
"c","2014-09-14"
"c","2014-09-15"
"c","2014-09-18"
"c","2014-09-27"
"c","2015-07-20"
"c","2015-07-30"
"c","2015-07-30"
"c","2015-08-04"
"c","2015-08-05"
"c","2015-08-06"
"c","2015-08-07"
"c","2015-08-13"
"c","2015-08-13"
"c","2015-08-14"
"c","2015-08-14"
"c","2015-08-16"
"c","2015-08-18"
"c","2015-08-20"
"c","2015-08-20"
"c","2015-08-22"
"c","2015-08-23"
"c","2015-08-23"
"c","2015-08-24"
"c","2015-08-24"
"c","2015-08-25"
"c","2015-08-26"
"c","2015-08-26"
"c","2015-08-27"
"c","2015-08-30"
"c","2015-09-01"
"c","2015-09-03"
"c","2015-09-06"
"c","2015-09-06"
"c","2015-09-09"
"c","2015-09-16"
"c","2015-09-19"
"c","2015-09-19"
"c","2016-06-29"
"c","2016-07-20"
"c","2016-07-20"
"c","2016-07-21"
"c","2016-07-28"
"c","2016-08-02"
"c","2016-08-05"
"c","2016-08-10"
"c","2016-08-10"
"c","2016-08-21"
"c","2016-08-23"
"c","2016-08-24"
"c","2016-08-24"
"c","2016-08-25"
"c","2016-08-25"
"c","2016-08-25"
"c","2016-08-25"
"c","2016-08-26"
"c","2016-08-27"
"c","2016-08-29"
"c","2016-08-29"
"c","2016-08-30"
"c","2016-09-09"
"c","2016-09-13"
"c","2016-09-18"
"c","2016-09-24"
"c","2017-06-25"
"c","2017-07-06"
"c","2017-07-25"
"c","2017-08-08"
"c","2017-08-08"
"c","2017-08-13"
"c","2017-08-19"
"c","2017-08-20"
"c","2017-08-20"
"c","2017-08-23"
"c","2017-08-24"
"c","2017-08-25"
"c","2017-08-28"
"c","2017-08-29"
"c","2017-08-30"
"c","2017-09-01"
"c","2017-09-02"
"c","2017-09-02"
"c","2017-09-02"
"c","2017-09-06"
"c","2017-09-06"
"c","2017-09-08"
"c","2017-09-08"
"c","2017-09-23"
"c","2018-07-25"
"c","2018-07-27"
"c","2018-07-27"
"c","2018-07-28"
"c","2018-07-29"
"c","2018-07-29"
"c","2018-07-31"
"c","2018-08-01"
"c","2018-08-03"
"c","2018-08-11"
"c","2018-08-13"
"c","2018-08-14"
"c","2018-08-15"
"c","2018-08-17"
"c","2018-08-18"
"c","2018-08-21"
"c","2018-08-24"
"c","2018-08-25"
"c","2018-08-25"
"c","2018-08-28"
"c","2018-09-01"
"c","2018-09-02"
"c","2018-09-03"
"c","2018-09-07"
"c","2018-09-08"
"c","2018-09-23"
"c","2019-06-30"
"c","2019-07-08"
"c","2019-07-14"
"c","2019-07-24"
"c","2019-07-27"
"c","2019-07-29"
"c","2019-08-08"
"c","2019-08-09"
"c","2019-08-09"
"c","2019-08-13"
"c","2019-08-18"
"c","2019-08-18"
"c","2019-08-18"
"c","2019-08-19"
"c","2019-08-19"
"c","2019-08-20"
"c","2019-08-21"
"c","2019-08-23"
"c","2019-08-29"
"c","2019-08-30"
"c","2019-08-31"
"c","2019-09-01"
"c","2019-09-04"
"c","2019-09-07"
"c","2019-09-08"
"c","2019-09-09"
"c","2020-07-14"
"c","2020-07-18"
"c","2020-07-31"
"c","2020-08-02"
"c","2020-08-07"
"c","2020-08-07"
"c","2020-08-12"
"c","2020-08-15"
"c","2020-08-15"
"c","2020-08-16"
"c","2020-08-16"
"c","2020-08-18"
"c","2020-08-20"
"c","2020-08-21"
"c","2020-08-24"
"c","2020-08-26"
"c","2020-08-29"
"c","2020-08-29"
"c","2020-08-31"
"c","2020-09-04"
"c","2020-09-04"
"c","2020-09-05"
"c","2020-09-06"
"c","2020-09-06"
"c","2020-09-08"
"c","2020-09-11"
"c","2020-09-13"
"c","2020-09-15"
"c","2020-09-24"
"c","2020-10-13"
"c","2021-07-28"
"c","2021-07-29"
"c","2021-07-30"
"c","2021-07-31"
"c","2021-08-03"
"c","2021-08-03"
"c","2021-08-12"
"c","2021-08-13"
"c","2021-08-16"
"c","2021-08-17"
"c","2021-08-17"
"c","2021-08-19"
"c","2021-08-21"
"c","2021-08-23"
"c","2021-08-28"
"c","2021-08-28"
"c","2021-08-30"
"c","2021-09-01"
"c","2021-09-03"
"c","2021-09-04"
"c","2021-09-10"
"c","2021-09-12"
"c","2021-09-16"
"c","2021-09-17"
"c","2021-09-18"
"c","2021-09-24"
"c","2021-10-08"
"c","2022-06-26"
"c","2022-07-09"
"c","2022-07-14"
"c","2022-07-19"
"c","2022-07-20"
"c","2022-07-21"
"c","2022-07-24"
"c","2022-07-30"
"c","2022-08-05"
"c","2022-08-07"
"c","2022-08-08"
"c","2022-08-09"
"c","2022-08-18"
"c","2022-08-20"
"c","2022-08-22"
"c","2022-08-24"
"c","2022-08-25"
"c","2022-08-27"
"c","2022-08-27"
"c","2022-09-01"
"c","2022-09-02"
"c","2022-09-04"
"c","2022-09-04"
"c","2022-09-06"
"c","2022-09-24"
"c","2022-09-29"
"c","2023-07-16"
"c","2023-07-17"
"c","2023-07-24"
"c","2023-07-26"
"c","2023-08-04"
"c","2023-08-07"
"c","2023-08-11"
"c","2023-08-14"
"c","2023-08-14"
"c","2023-08-15"
"c","2023-08-21"
"c","2023-08-21"
"c","2023-08-25"
"c","2023-08-27"
"c","2023-08-29"
"c","2023-08-29"
"c","2023-08-30"
"c","2023-09-03"
"c","2023-09-05"
"c","2023-09-05"
"c","2023-09-10"
"c","2023-09-12"
"c","2023-09-19"
"c","2023-09-20"
"c","2023-10-06"
"d","2010-06-30"
"d","2010-07-20"
"d","2010-07-20"
"d","2010-07-27"
"d","2010-07-27"
"d","2010-07-31"
"d","2010-08-04"
"d","2010-08-07"
"d","2010-08-08"
"d","2010-08-08"
"d","2010-08-09"
"d","2010-08-12"
"d","2010-08-15"
"d","2010-08-15"
"d","2010-08-15"
"d","2010-08-18"
"d","2010-08-18"
"d","2010-08-20"
"d","2010-08-27"
"d","2010-08-29"
"d","2010-08-31"
"d","2010-09-01"
"d","2010-09-04"
"d","2010-09-04"
"d","2010-09-06"
"d","2010-09-07"
"d","2010-09-13"
"d","2010-09-19"
"d","2010-09-19"
"d","2010-10-15"
"d","2011-07-05"
"d","2011-07-11"
"d","2011-07-13"
"d","2011-07-22"
"d","2011-07-28"
"d","2011-07-30"
"d","2011-07-31"
"d","2011-08-01"
"d","2011-08-02"
"d","2011-08-06"
"d","2011-08-11"
"d","2011-08-11"
"d","2011-08-15"
"d","2011-08-16"
"d","2011-08-17"
"d","2011-08-20"
"d","2011-08-21"
"d","2011-08-24"
"d","2011-08-27"
"d","2011-08-29"
"d","2011-08-29"
"d","2011-08-31"
"d","2011-09-01"
"d","2011-09-02"
"d","2011-09-02"
"d","2011-09-03"
"d","2011-09-12"
"d","2011-09-14"
"d","2011-09-14"
"d","2011-09-16"
"d","2011-09-23"
"d","2011-09-25"
"d","2012-07-01"
"d","2012-07-14"
"d","2012-07-20"
"d","2012-07-25"
"d","2012-07-26"
"d","2012-07-28"
"d","2012-07-30"
"d","2012-08-02"
"d","2012-08-07"
"d","2012-08-10"
"d","2012-08-10"
"d","2012-08-11"
"d","2012-08-11"
"d","2012-08-12"
"d","2012-08-16"
"d","2012-08-20"
"d","2012-08-23"
"d","2012-08-23"
"d","2012-08-25"
"d","2012-08-29"
"d","2012-08-31"
"d","2012-09-02"
"d","2012-09-04"
"d","2012-09-05"
"d","2012-09-09"
"d","2012-09-21"
"d","2012-09-25"
"d","2013-07-10"
"d","2013-07-11"
"d","2013-07-13"
"d","2013-07-15"
"d","2013-07-15"
"d","2013-07-17"
"d","2013-07-18"
"d","2013-07-22"
"d","2013-07-23"
"d","2013-07-27"
"d","2013-07-29"
"d","2013-07-30"
"d","2013-08-05"
"d","2013-08-08"
"d","2013-08-16"
"d","2013-08-18"
"d","2013-08-19"
"d","2013-08-20"
"d","2013-08-26"
"d","2013-08-26"
"d","2013-08-27"
"d","2013-08-29"
"d","2013-09-01"
"d","2013-09-03"
"d","2013-09-04"
"d","2013-09-07"
"d","2013-09-07"
"d","2013-09-10"
"d","2013-09-11"
"d","2013-09-13"
"d","2013-09-19"
"d","2013-10-10"
"d","2014-06-17"
"d","2014-07-20"
"d","2014-07-21"
"d","2014-07-22"
"d","2014-07-26"
"d","2014-07-29"
"d","2014-07-30"
"d","2014-08-01"
"d","2014-08-03"
"d","2014-08-08"
"d","2014-08-08"
"d","2014-08-13"
"d","2014-08-14"
"d","2014-08-17"
"d","2014-08-20"
"d","2014-08-21"
"d","2014-08-28"
"d","2014-08-28"
"d","2014-08-30"
"d","2014-09-01"
"d","2014-09-02"
"d","2014-09-05"
"d","2014-09-08"
"d","2014-09-16"
"d","2014-09-24"
"d","2015-07-11"
"d","2015-07-13"
"d","2015-07-20"
"d","2015-07-27"
"d","2015-07-29"
"d","2015-07-30"
"d","2015-08-03"
"d","2015-08-04"
"d","2015-08-07"
"d","2015-08-07"
"d","2015-08-08"
"d","2015-08-09"
"d","2015-08-13"
"d","2015-08-13"
"d","2015-08-15"
"d","2015-08-15"
"d","2015-08-16"
"d","2015-08-16"
"d","2015-08-17"
"d","2015-08-19"
"d","2015-08-19"
"d","2015-08-21"
"d","2015-08-22"
"d","2015-08-23"
"d","2015-08-24"
"d","2015-08-26"
"d","2015-08-26"
"d","2015-08-27"
"d","2015-09-02"
"d","2015-09-03"
"d","2015-09-05"
"d","2015-09-07"
"d","2015-09-10"
"d","2015-09-12"
"d","2015-09-14"
"d","2015-09-16"
"d","2015-09-21"
"d","2015-09-23"
"d","2015-09-25"
"d","2016-07-17"
"d","2016-07-22"
"d","2016-07-28"
"d","2016-07-29"
"d","2016-07-30"
"d","2016-08-04"
"d","2016-08-07"
"d","2016-08-10"
"d","2016-08-11"
"d","2016-08-19"
"d","2016-08-21"
"d","2016-08-21"
"d","2016-08-23"
"d","2016-08-24"
"d","2016-08-25"
"d","2016-08-26"
"d","2016-08-28"
"d","2016-08-31"
"d","2016-09-01"
"d","2016-09-03"
"d","2016-09-06"
"d","2016-09-09"
"d","2016-09-09"
"d","2016-09-10"
"d","2016-09-11"
"d","2016-09-12"
"d","2016-09-13"
"d","2016-09-13"
"d","2017-07-11"
"d","2017-07-18"
"d","2017-07-21"
"d","2017-07-24"
"d","2017-07-24"
"d","2017-07-25"
"d","2017-07-30"
"d","2017-08-01"
"d","2017-08-04"
"d","2017-08-09"
"d","2017-08-10"
"d","2017-08-13"
"d","2017-08-15"
"d","2017-08-15"
"d","2017-08-17"
"d","2017-08-17"
"d","2017-08-18"
"d","2017-08-19"
"d","2017-08-19"
"d","2017-08-19"
"d","2017-08-19"
"d","2017-08-22"
"d","2017-08-22"
"d","2017-08-22"
"d","2017-08-23"
"d","2017-08-24"
"d","2017-08-25"
"d","2017-08-27"
"d","2017-09-01"
"d","2017-09-04"
"d","2017-09-06"
"d","2017-09-07"
"d","2017-09-08"
"d","2017-09-08"
"d","2017-09-09"
"d","2017-09-09"
"d","2017-09-11"
"d","2017-09-14"
"d","2017-09-19"
"d","2017-09-20"
"d","2017-09-21"
"d","2017-09-22"
"d","2017-09-22"
"d","2018-07-21"
"d","2018-07-22"
"d","2018-07-24"
"d","2018-07-26"
"d","2018-07-30"
"d","2018-07-31"
"d","2018-07-31"
"d","2018-08-03"
"d","2018-08-04"
"d","2018-08-06"
"d","2018-08-10"
"d","2018-08-10"
"d","2018-08-12"
"d","2018-08-13"
"d","2018-08-14"
"d","2018-08-16"
"d","2018-08-17"
"d","2018-08-18"
"d","2018-08-20"
"d","2018-08-23"
"d","2018-08-25"
"d","2018-08-30"
"d","2018-08-31"
"d","2018-09-04"
"d","2018-09-18"
"d","2018-09-18"
"d","2018-09-22"
"d","2018-09-30"
"d","2019-07-26"
"d","2019-07-28"
"d","2019-07-28"
"d","2019-07-28"
"d","2019-07-30"
"d","2019-08-03"
"d","2019-08-05"
"d","2019-08-06"
"d","2019-08-07"
"d","2019-08-08"
"d","2019-08-08"
"d","2019-08-09"
"d","2019-08-14"
"d","2019-08-15"
"d","2019-08-18"
"d","2019-08-19"
"d","2019-08-19"
"d","2019-08-23"
"d","2019-08-23"
"d","2019-08-24"
"d","2019-08-25"
"d","2019-08-26"
"d","2019-08-28"
"d","2019-08-29"
"d","2019-08-31"
"d","2019-09-01"
"d","2019-09-04"
"d","2019-09-05"
"d","2019-09-07"
"d","2019-09-07"
"d","2019-09-07"
"d","2019-09-07"
"d","2019-09-08"
"d","2019-09-14"
"d","2019-09-14"
"d","2019-09-19"
"d","2019-09-20"
"d","2019-09-22"
"d","2019-10-01"
"d","2020-07-04"
"d","2020-07-17"
"d","2020-07-23"
"d","2020-07-28"
"d","2020-08-02"
"d","2020-08-03"
"d","2020-08-06"
"d","2020-08-07"
"d","2020-08-09"
"d","2020-08-11"
"d","2020-08-11"
"d","2020-08-11"
"d","2020-08-12"
"d","2020-08-14"
"d","2020-08-18"
"d","2020-08-20"
"d","2020-08-25"
"d","2020-08-28"
"d","2020-08-28"
"d","2020-08-28"
"d","2020-08-29"
"d","2020-09-01"
"d","2020-09-04"
"d","2020-09-05"
"d","2020-09-10"
"d","2020-09-13"
"d","2020-09-17"
"d","2020-09-20"
"d","2020-09-29"
"d","2020-10-11"
"d","2021-07-17"
"d","2021-07-18"
"d","2021-07-30"
"d","2021-08-01"
"d","2021-08-02"
"d","2021-08-05"
"d","2021-08-05"
"d","2021-08-05"
"d","2021-08-07"
"d","2021-08-07"
"d","2021-08-07"
"d","2021-08-09"
"d","2021-08-10"
"d","2021-08-16"
"d","2021-08-17"
"d","2021-08-17"
"d","2021-08-19"
"d","2021-08-19"
"d","2021-08-22"
"d","2021-08-22"
"d","2021-08-24"
"d","2021-08-26"
"d","2021-08-29"
"d","2021-08-31"
"d","2021-09-02"
"d","2021-09-16"
"d","2021-09-17"
"d","2021-09-24"
"d","2021-10-02"
"d","2022-07-22"
"d","2022-07-28"
"d","2022-07-31"
"d","2022-08-03"
"d","2022-08-03"
"d","2022-08-03"
"d","2022-08-03"
"d","2022-08-04"
"d","2022-08-05"
"d","2022-08-06"
"d","2022-08-07"
"d","2022-08-07"
"d","2022-08-07"
"d","2022-08-09"
"d","2022-08-11"
"d","2022-08-13"
"d","2022-08-13"
"d","2022-08-14"
"d","2022-08-15"
"d","2022-08-22"
"d","2022-08-23"
"d","2022-08-26"
"d","2022-08-28"
"d","2022-08-29"
"d","2022-08-30"
"d","2022-08-30"
"d","2022-08-31"
"d","2022-09-02"
"d","2022-09-03"
"d","2022-09-04"
"d","2022-09-06"
"d","2022-09-07"
"d","2022-09-07"
"d","2022-09-08"
"d","2022-09-10"
"d","2022-09-11"
"d","2022-09-12"
"d","2022-09-13"
"d","2022-09-18"
"d","2022-09-19"
"d","2022-09-28"
"d","2023-07-06"
"d","2023-07-17"
"d","2023-07-25"
"d","2023-08-03"
"d","2023-08-06"
"d","2023-08-08"
"d","2023-08-10"
"d","2023-08-10"
"d","2023-08-11"
"d","2023-08-12"
"d","2023-08-13"
"d","2023-08-13"
"d","2023-08-13"
"d","2023-08-17"
"d","2023-08-17"
"d","2023-08-19"
"d","2023-08-22"
"d","2023-08-24"
"d","2023-08-25"
"d","2023-08-27"
"d","2023-08-27"
"d","2023-08-29"
"d","2023-08-30"
"d","2023-08-30"
"d","2023-09-02"
"d","2023-09-04"
"d","2023-09-04"
"d","2023-09-06"
"d","2023-09-11"
"d","2023-09-12"
"d","2023-09-14"
"d","2023-09-21"
"d","2023-09-26"
"d","2023-09-30"
"d","2023-10-12"
"e","2010-06-26"
"e","2010-06-27"
"e","2010-07-19"
"e","2010-07-26"
"e","2010-07-30"
"e","2010-07-30"
"e","2010-07-31"
"e","2010-08-01"
"e","2010-08-02"
"e","2010-08-03"
"e","2010-08-04"
"e","2010-08-04"
"e","2010-08-10"
"e","2010-08-12"
"e","2010-08-12"
"e","2010-08-13"
"e","2010-08-14"
"e","2010-08-15"
"e","2010-08-15"
"e","2010-08-18"
"e","2010-08-25"
"e","2010-08-26"
"e","2010-08-27"
"e","2010-08-28"
"e","2010-08-28"
"e","2010-08-31"
"e","2010-09-02"
"e","2010-09-04"
"e","2010-09-07"
"e","2010-09-15"
"e","2010-09-19"
"e","2010-09-20"
"e","2011-07-14"
"e","2011-07-14"
"e","2011-07-28"
"e","2011-08-07"
"e","2011-08-07"
"e","2011-08-08"
"e","2011-08-09"
"e","2011-08-11"
"e","2011-08-18"
"e","2011-08-19"
"e","2011-08-22"
"e","2011-08-23"
"e","2011-08-24"
"e","2011-08-25"
"e","2011-08-28"
"e","2011-08-28"
"e","2011-08-29"
"e","2011-09-10"
"e","2011-09-11"
"e","2011-09-17"
"e","2011-09-19"
"e","2011-10-03"
"e","2012-07-12"
"e","2012-07-18"
"e","2012-07-18"
"e","2012-07-24"
"e","2012-07-24"
"e","2012-07-24"
"e","2012-07-25"
"e","2012-07-26"
"e","2012-08-02"
"e","2012-08-03"
"e","2012-08-04"
"e","2012-08-07"
"e","2012-08-09"
"e","2012-08-10"
"e","2012-08-13"
"e","2012-08-16"
"e","2012-08-16"
"e","2012-08-17"
"e","2012-08-18"
"e","2012-08-18"
"e","2012-08-20"
"e","2012-08-22"
"e","2012-08-23"
"e","2012-08-23"
"e","2012-08-25"
"e","2012-08-25"
"e","2012-08-26"
"e","2012-08-29"
"e","2012-08-30"
"e","2012-08-31"
"e","2012-09-01"
"e","2012-09-01"
"e","2012-09-02"
"e","2012-09-02"
"e","2012-09-05"
"e","2012-09-06"
"e","2012-09-11"
"e","2012-09-11"
"e","2012-09-16"
"e","2012-10-10"
"e","2013-07-03"
"e","2013-07-10"
"e","2013-07-14"
"e","2013-07-21"
"e","2013-07-26"
"e","2013-07-31"
"e","2013-08-01"
"e","2013-08-01"
"e","2013-08-03"
"e","2013-08-05"
"e","2013-08-06"
"e","2013-08-06"
"e","2013-08-07"
"e","2013-08-10"
"e","2013-08-12"
"e","2013-08-12"
"e","2013-08-13"
"e","2013-08-13"
"e","2013-08-15"
"e","2013-08-19"
"e","2013-08-20"
"e","2013-08-21"
"e","2013-08-21"
"e","2013-08-23"
"e","2013-08-24"
"e","2013-08-25"
"e","2013-08-25"
"e","2013-08-26"
"e","2013-08-26"
"e","2013-08-28"
"e","2013-09-08"
"e","2013-09-10"
"e","2013-09-10"
"e","2014-07-17"
"e","2014-07-24"
"e","2014-07-29"
"e","2014-08-04"
"e","2014-08-09"
"e","2014-08-09"
"e","2014-08-13"
"e","2014-08-14"
"e","2014-08-14"
"e","2014-08-19"
"e","2014-08-21"
"e","2014-08-21"
"e","2014-08-22"
"e","2014-08-25"
"e","2014-08-26"
"e","2014-08-26"
"e","2014-08-28"
"e","2014-09-01"
"e","2014-09-02"
"e","2014-09-03"
"e","2014-09-05"
"e","2014-09-07"
"e","2014-09-08"
"e","2014-09-12"
"e","2014-09-18"
"e","2014-09-23"
"e","2014-09-29"
"e","2015-07-04"
"e","2015-07-12"
"e","2015-07-16"
"e","2015-07-18"
"e","2015-07-21"
"e","2015-07-24"
"e","2015-07-28"
"e","2015-07-29"
"e","2015-07-30"
"e","2015-08-06"
"e","2015-08-08"
"e","2015-08-10"
"e","2015-08-10"
"e","2015-08-11"
"e","2015-08-11"
"e","2015-08-15"
"e","2015-08-15"
"e","2015-08-16"
"e","2015-08-16"
"e","2015-08-16"
"e","2015-08-17"
"e","2015-08-19"
"e","2015-08-20"
"e","2015-08-21"
"e","2015-08-21"
"e","2015-08-23"
"e","2015-08-30"
"e","2015-08-31"
"e","2015-09-01"
"e","2015-09-02"
"e","2015-09-02"
"e","2015-09-04"
"e","2015-09-06"
"e","2015-09-06"
"e","2015-09-11"
"e","2015-09-12"
"e","2015-09-15"
"e","2015-09-16"
"e","2015-09-20"
"e","2015-09-21"
"e","2015-09-30"
"e","2015-10-13"
"e","2016-07-22"
"e","2016-07-23"
"e","2016-07-25"
"e","2016-07-25"
"e","2016-07-28"
"e","2016-08-02"
"e","2016-08-04"
"e","2016-08-07"
"e","2016-08-08"
"e","2016-08-08"
"e","2016-08-08"
"e","2016-08-12"
"e","2016-08-15"
"e","2016-08-15"
"e","2016-08-16"
"e","2016-08-17"
"e","2016-08-17"
"e","2016-08-19"
"e","2016-08-19"
"e","2016-08-19"
"e","2016-08-19"
"e","2016-08-19"
"e","2016-08-19"
"e","2016-08-20"
"e","2016-08-21"
"e","2016-08-22"
"e","2016-08-23"
"e","2016-08-24"
"e","2016-08-26"
"e","2016-08-26"
"e","2016-08-26"
"e","2016-08-27"
"e","2016-08-31"
"e","2016-09-01"
"e","2016-09-01"
"e","2016-09-02"
"e","2016-09-08"
"e","2016-09-13"
"e","2016-09-13"
"e","2016-09-19"
"e","2016-09-25"
"e","2017-07-11"
"e","2017-07-16"
"e","2017-07-16"
"e","2017-07-25"
"e","2017-07-26"
"e","2017-07-27"
"e","2017-08-03"
"e","2017-08-10"
"e","2017-08-12"
"e","2017-08-17"
"e","2017-08-18"
"e","2017-08-18"
"e","2017-08-19"
"e","2017-08-21"
"e","2017-08-21"
"e","2017-08-22"
"e","2017-08-24"
"e","2017-08-25"
"e","2017-08-25"
"e","2017-08-26"
"e","2017-08-28"
"e","2017-08-28"
"e","2017-08-29"
"e","2017-08-30"
"e","2017-08-31"
"e","2017-09-05"
"e","2017-09-06"
"e","2017-09-07"
"e","2017-09-09"
"e","2017-09-11"
"e","2017-09-12"
"e","2017-09-14"
"e","2017-09-17"
"e","2017-09-18"
"e","2017-09-22"
"e","2017-10-05"
"e","2018-07-28"
"e","2018-08-06"
"e","2018-08-06"
"e","2018-08-09"
"e","2018-08-11"
"e","2018-08-11"
"e","2018-08-11"
"e","2018-08-14"
"e","2018-08-14"
"e","2018-08-15"
"e","2018-08-15"
"e","2018-08-17"
"e","2018-08-18"
"e","2018-08-19"
"e","2018-08-20"
"e","2018-08-21"
"e","2018-08-22"
"e","2018-08-23"
"e","2018-08-23"
"e","2018-08-24"
"e","2018-08-26"
"e","2018-08-27"
"e","2018-09-04"
"e","2018-09-08"
"e","2018-09-10"
"e","2018-09-10"
"e","2018-09-11"
"e","2018-09-16"
"e","2018-09-18"
"e","2019-07-06"
"e","2019-07-29"
"e","2019-07-31"
"e","2019-08-01"
"e","2019-08-03"
"e","2019-08-05"
"e","2019-08-07"
"e","2019-08-09"
"e","2019-08-11"
"e","2019-08-11"
"e","2019-08-12"
"e","2019-08-13"
"e","2019-08-15"
"e","2019-08-17"
"e","2019-08-18"
"e","2019-08-18"
"e","2019-08-18"
"e","2019-08-19"
"e","2019-08-20"
"e","2019-08-20"
"e","2019-08-21"
"e","2019-08-21"
"e","2019-08-23"
"e","2019-08-26"
"e","2019-08-27"
"e","2019-08-27"
"e","2019-08-30"
"e","2019-09-06"
"e","2019-09-07"
"e","2019-09-07"
"e","2019-09-09"
"e","2019-09-13"
"e","2019-09-14"
"e","2019-09-14"
"e","2019-09-20"
"e","2020-07-11"
"e","2020-07-14"
"e","2020-07-22"
"e","2020-07-26"
"e","2020-07-28"
"e","2020-07-29"
"e","2020-07-30"
"e","2020-07-30"
"e","2020-07-30"
"e","2020-07-31"
"e","2020-08-02"
"e","2020-08-03"
"e","2020-08-06"
"e","2020-08-11"
"e","2020-08-17"
"e","2020-08-23"
"e","2020-08-23"
"e","2020-08-23"
"e","2020-08-24"
"e","2020-08-30"
"e","2020-09-02"
"e","2020-09-03"
"e","2020-09-06"
"e","2020-09-08"
"e","2020-09-09"
"e","2020-09-11"
"e","2020-09-11"
"e","2020-09-20"
"e","2021-07-04"
"e","2021-07-27"
"e","2021-08-01"
"e","2021-08-02"
"e","2021-08-04"
"e","2021-08-06"
"e","2021-08-06"
"e","2021-08-07"
"e","2021-08-09"
"e","2021-08-09"
"e","2021-08-12"
"e","2021-08-13"
"e","2021-08-17"
"e","2021-08-20"
"e","2021-08-21"
"e","2021-08-24"
"e","2021-08-28"
"e","2021-08-29"
"e","2021-08-29"
"e","2021-09-01"
"e","2021-09-01"
"e","2021-09-03"
"e","2021-09-03"
"e","2021-09-04"
"e","2021-09-15"
"e","2021-09-15"
"e","2022-07-08"
"e","2022-07-14"
"e","2022-07-19"
"e","2022-07-20"
"e","2022-07-22"
"e","2022-07-29"
"e","2022-07-31"
"e","2022-08-07"
"e","2022-08-07"
"e","2022-08-10"
"e","2022-08-12"
"e","2022-08-14"
"e","2022-08-19"
"e","2022-08-21"
"e","2022-08-21"
"e","2022-08-21"
"e","2022-08-22"
"e","2022-08-23"
"e","2022-08-27"
"e","2022-08-28"
"e","2022-08-29"
"e","2022-08-30"
"e","2022-09-02"
"e","2022-09-06"
"e","2022-09-06"
"e","2022-09-07"
"e","2022-09-08"
"e","2022-09-09"
"e","2022-09-12"
"e","2022-09-13"
"e","2022-09-13"
"e","2022-09-21"
"e","2022-09-21"
"e","2023-07-21"
"e","2023-07-22"
"e","2023-07-25"
"e","2023-07-30"
"e","2023-08-01"
"e","2023-08-03"
"e","2023-08-05"
"e","2023-08-06"
"e","2023-08-08"
"e","2023-08-08"
"e","2023-08-08"
"e","2023-08-09"
"e","2023-08-11"
"e","2023-08-12"
"e","2023-08-12"
"e","2023-08-16"
"e","2023-08-17"
"e","2023-08-22"
"e","2023-08-26"
"e","2023-09-08"
"e","2023-09-08"
"e","2023-09-09"
"e","2023-09-11"
"e","2023-09-13"
"e","2023-09-17"
"e","2023-09-20"
"e","2023-09-28"
"f","2010-07-12"
"f","2010-07-20"
"f","2010-07-27"
"f","2010-08-03"
"f","2010-08-05"
"f","2010-08-09"
"f","2010-08-09"
"f","2010-08-10"
"f","2010-08-11"
"f","2010-08-11"
"f","2010-08-11"
"f","2010-08-12"
"f","2010-08-14"
"f","2010-08-15"
"f","2010-08-17"
"f","2010-08-18"
"f","2010-08-22"
"f","2010-08-22"
"f","2010-08-24"
"f","2010-08-28"
"f","2010-08-29"
"f","2010-08-29"
"f","2010-08-29"
"f","2010-09-02"
"f","2010-09-04"
"f","2010-09-05"
"f","2010-09-06"
"f","2010-09-08"
"f","2010-09-14"
"f","2010-09-15"
"f","2010-09-16"
"f","2010-09-16"
"f","2010-09-18"
"f","2010-09-22"
"f","2010-09-24"
"f","2011-07-24"
"f","2011-07-29"
"f","2011-07-29"
"f","2011-08-02"
"f","2011-08-04"
"f","2011-08-05"
"f","2011-08-06"
"f","2011-08-08"
"f","2011-08-12"
"f","2011-08-13"
"f","2011-08-14"
"f","2011-08-16"
"f","2011-08-16"
"f","2011-08-17"
"f","2011-08-20"
"f","2011-08-21"
"f","2011-08-22"
"f","2011-08-22"
"f","2011-08-24"
"f","2011-08-25"
"f","2011-08-30"
"f","2011-09-04"
"f","2011-09-05"
"f","2011-09-06"
"f","2011-09-11"
"f","2011-09-14"
"f","2011-09-19"
"f","2012-07-25"
"f","2012-07-30"
"f","2012-08-01"
"f","2012-08-01"
"f","2012-08-03"
"f","2012-08-10"
"f","2012-08-10"
"f","2012-08-16"
"f","2012-08-16"
"f","2012-08-20"
"f","2012-08-20"
"f","2012-08-20"
"f","2012-08-21"
"f","2012-08-28"
"f","2012-08-29"
"f","2012-09-03"
"f","2012-09-08"
"f","2012-09-09"
"f","2012-09-20"
"f","2012-09-29"
"f","2013-07-03"
"f","2013-07-20"
"f","2013-07-24"
"f","2013-07-29"
"f","2013-07-29"
"f","2013-07-29"
"f","2013-07-31"
"f","2013-08-03"
"f","2013-08-03"
"f","2013-08-06"
"f","2013-08-07"
"f","2013-08-08"
"f","2013-08-15"
"f","2013-08-15"
"f","2013-08-17"
"f","2013-08-18"
"f","2013-08-21"
"f","2013-08-22"
"f","2013-08-28"
"f","2013-08-29"
"f","2013-08-30"
"f","2013-09-05"
"f","2013-09-07"
"f","2013-09-09"
"f","2013-09-11"
"f","2013-09-14"
"f","2013-09-16"
"f","2013-09-22"
"f","2013-09-22"
"f","2013-09-25"
"f","2013-10-08"
"f","2014-07-06"
"f","2014-07-13"
"f","2014-07-14"
"f","2014-07-29"
"f","2014-07-30"
"f","2014-08-02"
"f","2014-08-08"
"f","2014-08-09"
"f","2014-08-10"
"f","2014-08-10"
"f","2014-08-13"
"f","2014-08-13"
"f","2014-08-18"
"f","2014-08-19"
"f","2014-08-20"
"f","2014-08-22"
"f","2014-08-23"
"f","2014-08-24"
"f","2014-08-24"
"f","2014-08-26"
"f","2014-08-29"
"f","2014-08-29"
"f","2014-08-30"
"f","2014-09-01"
"f","2014-09-03"
"f","2014-09-04"
"f","2014-09-14"
"f","2014-09-15"
"f","2014-09-15"
"f","2014-09-18"
"f","2014-09-25"
"f","2015-06-30"
"f","2015-07-10"
"f","2015-07-14"
"f","2015-07-29"
"f","2015-07-29"
"f","2015-07-31"
"f","2015-07-31"
"f","2015-08-07"
"f","2015-08-08"
"f","2015-08-08"
"f","2015-08-15"
"f","2015-08-16"
"f","2015-08-18"
"f","2015-08-19"
"f","2015-08-20"
"f","2015-08-21"
"f","2015-08-22"
"f","2015-08-23"
"f","2015-08-27"
"f","2015-09-01"
"f","2015-09-03"
"f","2015-09-03"
"f","2015-09-05"
"f","2015-09-09"
"f","2015-09-09"
"f","2015-09-10"
"f","2015-09-11"
"f","2015-09-15"
"f","2015-09-16"
"f","2015-09-21"
"f","2016-07-01"
"f","2016-07-06"
"f","2016-07-09"
"f","2016-07-11"
"f","2016-07-29"
"f","2016-07-30"
"f","2016-08-01"
"f","2016-08-03"
"f","2016-08-05"
"f","2016-08-06"
"f","2016-08-10"
"f","2016-08-13"
"f","2016-08-14"
"f","2016-08-16"
"f","2016-08-17"
"f","2016-08-20"
"f","2016-08-22"
"f","2016-08-22"
"f","2016-08-26"
"f","2016-08-27"
"f","2016-08-27"
"f","2016-08-27"
"f","2016-08-28"
"f","2016-08-28"
"f","2016-08-28"
"f","2016-08-29"
"f","2016-08-30"
"f","2016-08-31"
"f","2016-09-01"
"f","2016-09-02"
"f","2016-09-20"
"f","2016-09-29"
"f","2016-10-14"
"f","2017-07-07"
"f","2017-07-08"
"f","2017-07-29"
"f","2017-08-02"
"f","2017-08-06"
"f","2017-08-11"
"f","2017-08-13"
"f","2017-08-16"
"f","2017-08-20"
"f","2017-08-20"
"f","2017-08-21"
"f","2017-08-21"
"f","2017-08-22"
"f","2017-08-22"
"f","2017-08-23"
"f","2017-08-24"
"f","2017-08-24"
"f","2017-08-24"
"f","2017-08-28"
"f","2017-08-30"
"f","2017-08-30"
"f","2017-09-01"
"f","2017-09-01"
"f","2017-09-02"
"f","2017-09-02"
"f","2017-09-08"
"f","2017-09-09"
"f","2017-09-12"
"f","2017-09-13"
"f","2017-09-14"
"f","2017-09-29"
"f","2018-07-09"
"f","2018-07-10"
"f","2018-07-12"
"f","2018-07-17"
"f","2018-07-28"
"f","2018-08-04"
"f","2018-08-05"
"f","2018-08-06"
"f","2018-08-06"
"f","2018-08-07"
"f","2018-08-07"
"f","2018-08-09"
"f","2018-08-15"
"f","2018-08-15"
"f","2018-08-16"
"f","2018-08-16"
"f","2018-08-19"
"f","2018-08-21"
"f","2018-08-22"
"f","2018-08-22"
"f","2018-08-23"
"f","2018-08-24"
"f","2018-08-25"
"f","2018-08-25"
"f","2018-08-28"
"f","2018-09-01"
"f","2018-09-02"
"f","2018-09-02"
"f","2018-09-08"
"f","2018-09-08"
"f","2018-09-10"
"f","2018-09-16"
"f","2018-09-16"
"f","2019-06-26"
"f","2019-06-30"
"f","2019-07-20"
"f","2019-07-30"
"f","2019-08-05"
"f","2019-08-07"
"f","2019-08-07"
"f","2019-08-08"
"f","2019-08-08"
"f","2019-08-09"
"f","2019-08-11"
"f","2019-08-11"
"f","2019-08-11"
"f","2019-08-12"
"f","2019-08-12"
"f","2019-08-14"
"f","2019-08-14"
"f","2019-08-16"
"f","2019-08-17"
"f","2019-08-20"
"f","2019-08-21"
"f","2019-08-21"
"f","2019-08-22"
"f","2019-08-22"
"f","2019-08-23"
"f","2019-08-26"
"f","2019-08-27"
"f","2019-08-30"
"f","2019-09-04"
"f","2019-09-07"
"f","2019-09-09"
"f","2019-09-09"
"f","2019-09-14"
"f","2019-09-20"
"f","2020-07-15"
"f","2020-07-21"
"f","2020-07-23"
"f","2020-07-31"
"f","2020-08-04"
"f","2020-08-07"
"f","2020-08-11"
"f","2020-08-12"
"f","2020-08-13"
"f","2020-08-14"
"f","2020-08-14"
"f","2020-08-14"
"f","2020-08-14"
"f","2020-08-14"
"f","2020-08-14"
"f","2020-08-17"
"f","2020-08-20"
"f","2020-08-23"
"f","2020-08-27"
"f","2020-08-27"
"f","2020-08-29"
"f","2020-08-30"
"f","2020-09-01"
"f","2020-09-06"
"f","2020-09-13"
"f","2020-09-13"
"f","2020-09-14"
"f","2020-09-15"
"f","2020-09-22"
"f","2020-09-24"
"f","2020-10-01"
"f","2021-07-16"
"f","2021-07-19"
"f","2021-07-20"
"f","2021-07-24"
"f","2021-07-25"
"f","2021-07-28"
"f","2021-07-29"
"f","2021-07-29"
"f","2021-07-29"
"f","2021-08-01"
"f","2021-08-01"
"f","2021-08-05"
"f","2021-08-09"
"f","2021-08-10"
"f","2021-08-12"
"f","2021-08-17"
"f","2021-08-20"
"f","2021-08-20"
"f","2021-08-20"
"f","2021-08-22"
"f","2021-08-23"
"f","2021-08-23"
"f","2021-08-28"
"f","2021-08-28"
"f","2021-09-01"
"f","2021-09-01"
"f","2021-09-08"
"f","2021-09-08"
"f","2021-09-08"
"f","2021-09-09"
"f","2021-09-10"
"f","2021-09-12"
"f","2021-09-14"
"f","2021-09-22"
"f","2021-09-22"
"f","2021-10-06"
"f","2022-06-30"
"f","2022-07-09"
"f","2022-07-10"
"f","2022-07-27"
"f","2022-07-27"
"f","2022-07-30"
"f","2022-08-01"
"f","2022-08-05"
"f","2022-08-05"
"f","2022-08-06"
"f","2022-08-07"
"f","2022-08-08"
"f","2022-08-09"
"f","2022-08-12"
"f","2022-08-14"
"f","2022-08-17"
"f","2022-08-17"
"f","2022-08-18"
"f","2022-08-18"
"f","2022-08-19"
"f","2022-08-19"
"f","2022-08-24"
"f","2022-08-24"
"f","2022-08-25"
"f","2022-08-29"
"f","2022-08-31"
"f","2022-08-31"
"f","2022-09-05"
"f","2022-09-07"
"f","2022-10-03"
"f","2023-07-23"
"f","2023-07-26"
"f","2023-07-27"
"f","2023-07-27"
"f","2023-08-02"
"f","2023-08-06"
"f","2023-08-07"
"f","2023-08-08"
"f","2023-08-13"
"f","2023-08-14"
"f","2023-08-15"
"f","2023-08-16"
"f","2023-08-17"
"f","2023-08-18"
"f","2023-08-19"
"f","2023-08-20"
"f","2023-08-22"
"f","2023-08-23"
"f","2023-08-25"
"f","2023-08-26"
"f","2023-08-29"
"f","2023-08-30"
"f","2023-09-02"
"f","2023-09-02"
"f","2023-09-03"
"f","2023-09-04"
"f","2023-09-07"
"f","2023-09-10"
"f","2023-09-16"
"g","2010-07-04"
"g","2010-07-21"
"g","2010-07-22"
"g","2010-07-24"
"g","2010-07-28"
"g","2010-07-29"
"g","2010-08-04"
"g","2010-08-07"
"g","2010-08-08"
"g","2010-08-08"
"g","2010-08-08"
"g","2010-08-11"
"g","2010-08-14"
"g","2010-08-19"
"g","2010-08-19"
"g","2010-08-20"
"g","2010-08-22"
"g","2010-08-24"
"g","2010-08-26"
"g","2010-08-28"
"g","2010-08-30"
"g","2010-08-30"
"g","2010-09-02"
"g","2010-09-04"
"g","2010-09-06"
"g","2010-09-07"
"g","2010-09-15"
"g","2010-09-15"
"g","2011-07-05"
"g","2011-07-28"
"g","2011-08-03"
"g","2011-08-03"
"g","2011-08-06"
"g","2011-08-08"
"g","2011-08-08"
"g","2011-08-15"
"g","2011-08-15"
"g","2011-08-16"
"g","2011-08-17"
"g","2011-08-19"
"g","2011-08-21"
"g","2011-08-23"
"g","2011-08-25"
"g","2011-08-26"
"g","2011-08-29"
"g","2011-08-29"
"g","2011-09-01"
"g","2011-09-02"
"g","2011-09-05"
"g","2011-09-12"
"g","2011-10-02"
"g","2012-07-10"
"g","2012-07-17"
"g","2012-07-20"
"g","2012-07-28"
"g","2012-07-29"
"g","2012-07-29"
"g","2012-08-05"
"g","2012-08-06"
"g","2012-08-07"
"g","2012-08-07"
"g","2012-08-07"
"g","2012-08-09"
"g","2012-08-10"
"g","2012-08-12"
"g","2012-08-12"
"g","2012-08-12"
"g","2012-08-13"
"g","2012-08-15"
"g","2012-08-16"
"g","2012-08-16"
"g","2012-08-17"
"g","2012-08-17"
"g","2012-08-21"
"g","2012-08-22"
"g","2012-08-25"
"g","2012-08-26"
"g","2012-09-01"
"g","2012-09-08"
"g","2012-09-09"
"g","2012-09-11"
"g","2012-09-21"
"g","2012-10-04"
"g","2012-10-25"
"g","2013-07-09"
"g","2013-07-11"
"g","2013-07-24"
"g","2013-07-25"
"g","2013-07-25"
"g","2013-07-26"
"g","2013-07-28"
"g","2013-07-30"
"g","2013-08-07"
"g","2013-08-07"
"g","2013-08-09"
"g","2013-08-10"
"g","2013-08-11"
"g","2013-08-18"
"g","2013-08-19"
"g","2013-08-21"
"g","2013-08-25"
"g","2013-08-26"
"g","2013-09-01"
"g","2013-09-04"
"g","2013-09-09"
"g","2013-09-15"
"g","2013-09-17"
"g","2013-09-18"
"g","2013-09-23"
"g","2014-07-10"
"g","2014-07-20"
"g","2014-07-23"
"g","2014-07-27"
"g","2014-07-27"
"g","2014-07-28"
"g","2014-07-28"
"g","2014-08-01"
"g","2014-08-04"
"g","2014-08-08"
"g","2014-08-08"
"g","2014-08-10"
"g","2014-08-11"
"g","2014-08-11"
"g","2014-08-11"
"g","2014-08-12"
"g","2014-08-13"
"g","2014-08-14"
"g","2014-08-14"
"g","2014-08-15"
"g","2014-08-16"
"g","2014-08-18"
"g","2014-08-25"
"g","2014-08-26"
"g","2014-08-28"
"g","2014-08-31"
"g","2014-08-31"
"g","2014-09-01"
"g","2014-09-01"
"g","2014-09-03"
"g","2014-09-03"
"g","2014-09-04"
"g","2014-09-09"
"g","2014-09-10"
"g","2014-09-20"
"g","2014-09-22"
"g","2014-10-13"
"g","2015-07-10"
"g","2015-07-15"
"g","2015-07-22"
"g","2015-07-23"
"g","2015-07-26"
"g","2015-07-30"
"g","2015-07-31"
"g","2015-07-31"
"g","2015-08-03"
"g","2015-08-05"
"g","2015-08-11"
"g","2015-08-14"
"g","2015-08-14"
"g","2015-08-19"
"g","2015-08-20"
"g","2015-08-22"
"g","2015-08-24"
"g","2015-08-24"
"g","2015-08-25"
"g","2015-08-26"
"g","2015-08-28"
"g","2015-08-30"
"g","2015-08-31"
"g","2015-08-31"
"g","2015-09-05"
"g","2015-09-06"
"g","2015-09-11"
"g","2015-09-12"
"g","2015-09-14"
"g","2015-09-15"
"g","2015-09-22"
"g","2015-09-23"
"g","2015-10-05"
"g","2015-10-21"
"g","2016-07-17"
"g","2016-07-17"
"g","2016-07-20"
"g","2016-07-22"
"g","2016-07-25"
"g","2016-08-01"
"g","2016-08-04"
"g","2016-08-04"
"g","2016-08-10"
"g","2016-08-11"
"g","2016-08-13"
"g","2016-08-14"
"g","2016-08-16"
"g","2016-08-16"
"g","2016-08-17"
"g","2016-08-19"
"g","2016-08-20"
"g","2016-08-21"
"g","2016-08-25"
"g","2016-08-26"
"g","2016-08-30"
"g","2016-08-30"
"g","2016-08-31"
"g","2016-09-03"
"g","2016-09-04"
"g","2016-09-05"
"g","2016-09-06"
"g","2016-09-06"
"g","2016-09-09"
"g","2016-09-11"
"g","2016-09-16"
"g","2016-09-25"
"g","2017-07-18"
"g","2017-07-25"
"g","2017-07-26"
"g","2017-07-27"
"g","2017-07-28"
"g","2017-07-30"
"g","2017-08-02"
"g","2017-08-04"
"g","2017-08-06"
"g","2017-08-10"
"g","2017-08-10"
"g","2017-08-11"
"g","2017-08-11"
"g","2017-08-12"
"g","2017-08-12"
"g","2017-08-13"
"g","2017-08-15"
"g","2017-08-16"
"g","2017-08-17"
"g","2017-08-17"
"g","2017-08-18"
"g","2017-08-19"
"g","2017-08-19"
"g","2017-08-22"
"g","2017-08-22"
"g","2017-08-25"
"g","2017-08-26"
"g","2017-08-26"
"g","2017-08-27"
"g","2017-08-27"
"g","2017-08-27"
"g","2017-08-27"
"g","2017-08-28"
"g","2017-09-02"
"g","2017-09-04"
"g","2017-09-07"
"g","2017-09-11"
"g","2017-09-15"
"g","2017-09-16"
"g","2017-09-16"
"g","2017-09-29"
"g","2017-10-16"
"g","2017-10-17"
"g","2018-07-17"
"g","2018-07-28"
"g","2018-07-31"
"g","2018-08-03"
"g","2018-08-03"
"g","2018-08-05"
"g","2018-08-13"
"g","2018-08-13"
"g","2018-08-13"
"g","2018-08-15"
"g","2018-08-16"
"g","2018-08-16"
"g","2018-08-18"
"g","2018-08-23"
"g","2018-08-23"
"g","2018-08-27"
"g","2018-08-27"
"g","2018-08-30"
"g","2018-08-31"
"g","2018-08-31"
"g","2018-09-01"
"g","2018-09-04"
"g","2018-09-04"
"g","2018-09-09"
"g","2018-09-12"
"g","2018-09-13"
"g","2018-09-17"
"g","2018-09-20"
"g","2019-07-20"
"g","2019-07-30"
"g","2019-07-31"
"g","2019-08-05"
"g","2019-08-07"
"g","2019-08-09"
"g","2019-08-11"
"g","2019-08-12"
"g","2019-08-13"
"g","2019-08-14"
"g","2019-08-16"
"g","2019-08-16"
"g","2019-08-17"
"g","2019-08-17"
"g","2019-08-17"
"g","2019-08-19"
"g","2019-08-21"
"g","2019-08-22"
"g","2019-08-22"
"g","2019-08-22"
"g","2019-08-23"
"g","2019-08-27"
"g","2019-08-27"
"g","2019-08-28"
"g","2019-08-29"
"g","2019-09-06"
"g","2019-09-09"
"g","2019-09-09"
"g","2019-09-10"
"g","2019-09-15"
"g","2019-09-15"
"g","2019-09-26"
"g","2019-09-26"
"g","2019-10-13"
"g","2020-06-20"
"g","2020-07-13"
"g","2020-07-17"
"g","2020-07-19"
"g","2020-07-22"
"g","2020-07-22"
"g","2020-07-25"
"g","2020-07-28"
"g","2020-07-28"
"g","2020-07-28"
"g","2020-07-30"
"g","2020-08-04"
"g","2020-08-05"
"g","2020-08-07"
"g","2020-08-08"
"g","2020-08-08"
"g","2020-08-10"
"g","2020-08-13"
"g","2020-08-14"
"g","2020-08-16"
"g","2020-08-18"
"g","2020-08-22"
"g","2020-08-22"
"g","2020-08-23"
"g","2020-08-27"
"g","2020-09-01"
"g","2020-09-02"
"g","2020-09-07"
"g","2020-09-07"
"g","2020-09-07"
"g","2020-09-09"
"g","2020-09-10"
"g","2020-09-16"
"g","2021-07-08"
"g","2021-07-10"
"g","2021-07-29"
"g","2021-08-05"
"g","2021-08-06"
"g","2021-08-08"
"g","2021-08-09"
"g","2021-08-09"
"g","2021-08-10"
"g","2021-08-11"
"g","2021-08-12"
"g","2021-08-12"
"g","2021-08-13"
"g","2021-08-17"
"g","2021-08-17"
"g","2021-08-18"
"g","2021-08-20"
"g","2021-08-24"
"g","2021-08-26"
"g","2021-08-28"
"g","2021-09-02"
"g","2021-09-07"
"g","2021-09-08"
"g","2021-09-08"
"g","2021-09-10"
"g","2021-09-16"
"g","2021-09-18"
"g","2021-09-22"
"g","2021-09-25"
"g","2021-10-05"
"g","2022-07-08"
"g","2022-07-17"
"g","2022-07-30"
"g","2022-07-30"
"g","2022-07-31"
"g","2022-08-02"
"g","2022-08-05"
"g","2022-08-06"
"g","2022-08-07"
"g","2022-08-11"
"g","2022-08-11"
"g","2022-08-12"
"g","2022-08-13"
"g","2022-08-16"
"g","2022-08-17"
"g","2022-08-19"
"g","2022-08-20"
"g","2022-08-21"
"g","2022-08-23"
"g","2022-09-04"
"g","2022-09-04"
"g","2022-09-08"
"g","2022-09-13"
"g","2022-09-17"
"g","2023-06-25"
"g","2023-07-31"
"g","2023-08-01"
"g","2023-08-01"
"g","2023-08-04"
"g","2023-08-04"
"g","2023-08-07"
"g","2023-08-09"
"g","2023-08-11"
"g","2023-08-12"
"g","2023-08-15"
"g","2023-08-16"
"g","2023-08-18"
"g","2023-08-19"
"g","2023-08-19"
"g","2023-08-25"
"g","2023-08-28"
"g","2023-08-30"
"g","2023-09-01"
"g","2023-09-03"
"g","2023-09-04"
"g","2023-09-04"
"g","2023-09-05"
"g","2023-09-05"
"g","2023-09-09"
"g","2023-09-13"
"g","2023-09-20"
"g","2023-09-21"
"g","2023-09-23"
"g","2023-09-26"
"g","2023-09-28"
"g","2023-09-30"
"g","2023-10-01"
"h","2010-07-18"
"h","2010-08-01"
"h","2010-08-03"
"h","2010-08-04"
"h","2010-08-08"
"h","2010-08-10"
"h","2010-08-12"
"h","2010-08-13"
"h","2010-08-16"
"h","2010-08-17"
"h","2010-08-17"
"h","2010-08-19"
"h","2010-08-27"
"h","2010-08-31"
"h","2010-08-31"
"h","2010-09-04"
"h","2010-09-04"
"h","2010-09-04"
"h","2010-09-11"
"h","2010-09-17"
"h","2010-09-20"
"h","2010-09-28"
"h","2011-07-04"
"h","2011-07-15"
"h","2011-07-15"
"h","2011-07-16"
"h","2011-07-22"
"h","2011-07-24"
"h","2011-07-30"
"h","2011-07-31"
"h","2011-08-01"
"h","2011-08-02"
"h","2011-08-05"
"h","2011-08-05"
"h","2011-08-06"
"h","2011-08-06"
"h","2011-08-06"
"h","2011-08-09"
"h","2011-08-09"
"h","2011-08-12"
"h","2011-08-13"
"h","2011-08-17"
"h","2011-08-18"
"h","2011-08-19"
"h","2011-08-23"
"h","2011-08-26"
"h","2011-08-26"
"h","2011-08-27"
"h","2011-09-09"
"h","2011-09-11"
"h","2011-09-12"
"h","2011-09-12"
"h","2011-09-12"
"h","2011-09-13"
"h","2012-07-04"
"h","2012-07-06"
"h","2012-07-18"
"h","2012-07-23"
"h","2012-07-23"
"h","2012-07-27"
"h","2012-07-29"
"h","2012-07-30"
"h","2012-07-31"
"h","2012-08-03"
"h","2012-08-04"
"h","2012-08-04"
"h","2012-08-06"
"h","2012-08-08"
"h","2012-08-10"
"h","2012-08-10"
"h","2012-08-12"
"h","2012-08-12"
"h","2012-08-12"
"h","2012-08-13"
"h","2012-08-15"
"h","2012-08-19"
"h","2012-08-22"
"h","2012-08-23"
"h","2012-08-23"
"h","2012-08-28"
"h","2012-08-30"
"h","2012-09-02"
"h","2012-09-03"
"h","2012-09-08"
"h","2012-09-15"
"h","2012-09-23"
"h","2013-07-03"
"h","2013-07-04"
"h","2013-07-08"
"h","2013-07-22"
"h","2013-07-31"
"h","2013-08-05"
"h","2013-08-06"
"h","2013-08-09"
"h","2013-08-10"
"h","2013-08-12"
"h","2013-08-13"
"h","2013-08-15"
"h","2013-08-16"
"h","2013-08-17"
"h","2013-08-17"
"h","2013-08-20"
"h","2013-08-21"
"h","2013-08-21"
"h","2013-08-23"
"h","2013-08-27"
"h","2013-08-29"
"h","2013-08-29"
"h","2013-08-29"
"h","2013-09-02"
"h","2013-09-03"
"h","2013-09-03"
"h","2013-09-05"
"h","2013-09-05"
"h","2013-09-10"
"h","2013-09-12"
"h","2013-09-19"
"h","2013-09-19"
"h","2013-09-26"
"h","2014-07-16"
"h","2014-07-19"
"h","2014-07-21"
"h","2014-07-25"
"h","2014-07-27"
"h","2014-07-28"
"h","2014-07-28"
"h","2014-08-01"
"h","2014-08-02"
"h","2014-08-06"
"h","2014-08-06"
"h","2014-08-06"
"h","2014-08-10"
"h","2014-08-10"
"h","2014-08-18"
"h","2014-08-20"
"h","2014-08-22"
"h","2014-08-22"
"h","2014-08-23"
"h","2014-08-23"
"h","2014-08-31"
"h","2014-09-04"
"h","2014-09-04"
"h","2014-09-07"
"h","2014-09-08"
"h","2014-09-19"
"h","2014-09-19"
"h","2014-09-22"
"h","2015-06-26"
"h","2015-07-03"
"h","2015-07-03"
"h","2015-07-10"
"h","2015-07-26"
"h","2015-07-31"
"h","2015-08-02"
"h","2015-08-03"
"h","2015-08-07"
"h","2015-08-09"
"h","2015-08-10"
"h","2015-08-10"
"h","2015-08-10"
"h","2015-08-11"
"h","2015-08-12"
"h","2015-08-13"
"h","2015-08-14"
"h","2015-08-14"
"h","2015-08-14"
"h","2015-08-15"
"h","2015-08-16"
"h","2015-08-17"
"h","2015-08-19"
"h","2015-08-20"
"h","2015-08-22"
"h","2015-08-23"
"h","2015-08-24"
"h","2015-08-30"
"h","2015-08-31"
"h","2015-09-05"
"h","2015-09-08"
"h","2015-09-13"
"h","2015-09-14"
"h","2015-09-18"
"h","2015-09-18"
"h","2015-09-20"
"h","2015-10-07"
"h","2016-07-13"
"h","2016-07-17"
"h","2016-07-20"
"h","2016-07-28"
"h","2016-07-29"
"h","2016-07-31"
"h","2016-08-05"
"h","2016-08-07"
"h","2016-08-08"
"h","2016-08-10"
"h","2016-08-11"
"h","2016-08-12"
"h","2016-08-12"
"h","2016-08-14"
"h","2016-08-15"
"h","2016-08-16"
"h","2016-08-19"
"h","2016-08-19"
"h","2016-08-20"
"h","2016-08-23"
"h","2016-08-26"
"h","2016-08-28"
"h","2016-09-01"
"h","2016-09-11"
"h","2016-09-12"
"h","2016-09-19"
"h","2017-07-22"
"h","2017-07-24"
"h","2017-07-30"
"h","2017-08-01"
"h","2017-08-03"
"h","2017-08-06"
"h","2017-08-06"
"h","2017-08-08"
"h","2017-08-14"
"h","2017-08-14"
"h","2017-08-17"
"h","2017-08-18"
"h","2017-08-18"
"h","2017-08-18"
"h","2017-08-18"
"h","2017-08-20"
"h","2017-08-20"
"h","2017-08-21"
"h","2017-08-22"
"h","2017-08-24"
"h","2017-08-25"
"h","2017-08-26"
"h","2017-08-26"
"h","2017-08-27"
"h","2017-08-27"
"h","2017-08-31"
"h","2017-09-01"
"h","2017-09-06"
"h","2017-09-06"
"h","2017-09-06"
"h","2017-09-07"
"h","2017-09-10"
"h","2017-09-10"
"h","2017-09-11"
"h","2018-06-29"
"h","2018-07-09"
"h","2018-07-15"
"h","2018-07-27"
"h","2018-08-06"
"h","2018-08-09"
"h","2018-08-09"
"h","2018-08-11"
"h","2018-08-14"
"h","2018-08-17"
"h","2018-08-19"
"h","2018-08-21"
"h","2018-08-26"
"h","2018-08-30"
"h","2018-08-31"
"h","2018-09-01"
"h","2018-09-09"
"h","2018-09-10"
"h","2018-09-11"
"h","2018-09-13"
"h","2018-09-13"
"h","2018-09-17"
"h","2018-09-17"
"h","2018-09-26"
"h","2019-07-03"
"h","2019-07-11"
"h","2019-07-17"
"h","2019-07-27"
"h","2019-08-03"
"h","2019-08-05"
"h","2019-08-07"
"h","2019-08-14"
"h","2019-08-14"
"h","2019-08-15"
"h","2019-08-16"
"h","2019-08-17"
"h","2019-08-17"
"h","2019-08-20"
"h","2019-08-20"
"h","2019-08-22"
"h","2019-08-22"
"h","2019-08-22"
"h","2019-08-23"
"h","2019-08-25"
"h","2019-09-01"
"h","2019-09-06"
"h","2019-09-08"
"h","2019-09-12"
"h","2019-09-13"
"h","2019-09-13"
"h","2019-09-19"
"h","2020-07-07"
"h","2020-07-12"
"h","2020-07-23"
"h","2020-07-28"
"h","2020-08-01"
"h","2020-08-05"
"h","2020-08-05"
"h","2020-08-06"
"h","2020-08-08"
"h","2020-08-09"
"h","2020-08-09"
"h","2020-08-10"
"h","2020-08-13"
"h","2020-08-13"
"h","2020-08-14"
"h","2020-08-14"
"h","2020-08-15"
"h","2020-08-17"
"h","2020-08-19"
"h","2020-08-20"
"h","2020-08-22"
"h","2020-08-24"
"h","2020-08-26"
"h","2020-08-27"
"h","2020-08-31"
"h","2020-09-03"
"h","2020-09-07"
"h","2020-09-08"
"h","2020-09-12"
"h","2021-07-03"
"h","2021-07-10"
"h","2021-07-12"
"h","2021-07-14"
"h","2021-07-17"
"h","2021-07-20"
"h","2021-07-28"
"h","2021-07-30"
"h","2021-07-31"
"h","2021-07-31"
"h","2021-08-07"
"h","2021-08-10"
"h","2021-08-11"
"h","2021-08-11"
"h","2021-08-11"
"h","2021-08-17"
"h","2021-08-17"
"h","2021-08-21"
"h","2021-08-21"
"h","2021-08-21"
"h","2021-08-23"
"h","2021-08-24"
"h","2021-08-26"
"h","2021-08-29"
"h","2021-09-04"
"h","2021-09-04"
"h","2021-09-05"
"h","2021-09-08"
"h","2021-09-10"
"h","2021-09-17"
"h","2021-09-19"
"h","2021-09-19"
"h","2021-09-20"
"h","2021-09-23"
"h","2021-09-24"
"h","2021-09-28"
"h","2021-10-06"
"h","2022-07-01"
"h","2022-07-27"
"h","2022-07-27"
"h","2022-07-28"
"h","2022-07-29"
"h","2022-08-02"
"h","2022-08-03"
"h","2022-08-04"
"h","2022-08-08"
"h","2022-08-14"
"h","2022-08-17"
"h","2022-08-18"
"h","2022-08-19"
"h","2022-08-20"
"h","2022-08-21"
"h","2022-08-28"
"h","2022-08-29"
"h","2022-09-02"
"h","2022-09-10"
"h","2022-09-13"
"h","2022-09-18"
"h","2022-09-25"
"h","2022-09-26"
"h","2022-09-27"
"h","2023-07-10"
"h","2023-07-27"
"h","2023-08-01"
"h","2023-08-01"
"h","2023-08-03"
"h","2023-08-05"
"h","2023-08-07"
"h","2023-08-09"
"h","2023-08-09"
"h","2023-08-10"
"h","2023-08-11"
"h","2023-08-15"
"h","2023-08-16"
"h","2023-08-20"
"h","2023-08-22"
"h","2023-08-22"
"h","2023-08-24"
"h","2023-08-26"
"h","2023-08-27"
"h","2023-08-28"
"h","2023-08-29"
"h","2023-08-30"
"h","2023-09-04"
"h","2023-09-06"
"h","2023-09-07"
"h","2023-09-07"
"h","2023-09-08"
"h","2023-09-10"
"h","2023-09-10"
"h","2023-09-13"
"h","2023-10-10"
"h","2023-10-18"
"i","2010-07-10"
"i","2010-07-18"
"i","2010-07-26"
"i","2010-07-28"
"i","2010-07-31"
"i","2010-08-03"
"i","2010-08-03"
"i","2010-08-07"
"i","2010-08-11"
"i","2010-08-19"
"i","2010-08-20"
"i","2010-08-21"
"i","2010-08-27"
"i","2010-08-27"
"i","2010-08-28"
"i","2010-08-30"
"i","2010-09-01"
"i","2010-09-01"
"i","2010-09-02"
"i","2010-09-06"
"i","2010-09-09"
"i","2010-09-11"
"i","2010-09-13"
"i","2010-09-19"
"i","2010-09-24"
"i","2010-09-25"
"i","2010-09-25"
"i","2011-06-30"
"i","2011-07-10"
"i","2011-07-19"
"i","2011-07-24"
"i","2011-08-01"
"i","2011-08-08"
"i","2011-08-09"
"i","2011-08-09"
"i","2011-08-11"
"i","2011-08-12"
"i","2011-08-14"
"i","2011-08-15"
"i","2011-08-15"
"i","2011-08-16"
"i","2011-08-17"
"i","2011-08-18"
"i","2011-08-19"
"i","2011-08-20"
"i","2011-08-28"
"i","2011-08-30"
"i","2011-08-31"
"i","2011-09-01"
"i","2011-09-03"
"i","2011-09-11"
"i","2011-09-15"
"i","2012-07-24"
"i","2012-07-27"
"i","2012-07-31"
"i","2012-07-31"
"i","2012-08-07"
"i","2012-08-08"
"i","2012-08-12"
"i","2012-08-13"
"i","2012-08-21"
"i","2012-08-22"
"i","2012-08-23"
"i","2012-08-23"
"i","2012-08-25"
"i","2012-08-25"
"i","2012-08-28"
"i","2012-08-31"
"i","2012-09-01"
"i","2012-09-06"
"i","2012-09-30"
"i","2012-10-02"
"i","2013-07-18"
"i","2013-07-27"
"i","2013-07-31"
"i","2013-08-02"
"i","2013-08-03"
"i","2013-08-05"
"i","2013-08-08"
"i","2013-08-11"
"i","2013-08-15"
"i","2013-08-16"
"i","2013-08-16"
"i","2013-08-17"
"i","2013-08-22"
"i","2013-08-24"
"i","2013-08-29"
"i","2013-08-30"
"i","2013-09-05"
"i","2013-09-06"
"i","2013-09-10"
"i","2013-09-14"
"i","2014-07-07"
"i","2014-07-18"
"i","2014-07-25"
"i","2014-08-02"
"i","2014-08-06"
"i","2014-08-07"
"i","2014-08-08"
"i","2014-08-10"
"i","2014-08-14"
"i","2014-08-17"
"i","2014-08-18"
"i","2014-08-20"
"i","2014-08-20"
"i","2014-08-21"
"i","2014-08-24"
"i","2014-08-25"
"i","2014-08-27"
"i","2014-08-28"
"i","2014-09-03"
"i","2014-09-10"
"i","2014-09-21"
"i","2014-09-22"
"i","2014-10-04"
"i","2015-07-13"
"i","2015-07-19"
"i","2015-07-20"
"i","2015-07-20"
"i","2015-07-25"
"i","2015-07-27"
"i","2015-08-04"
"i","2015-08-08"
"i","2015-08-10"
"i","2015-08-13"
"i","2015-08-16"
"i","2015-08-17"
"i","2015-08-20"
"i","2015-08-21"
"i","2015-08-22"
"i","2015-08-24"
"i","2015-08-27"
"i","2015-08-27"
"i","2015-08-28"
"i","2015-08-28"
"i","2015-08-29"
"i","2015-08-29"
"i","2015-08-29"
"i","2015-08-30"
"i","2015-08-31"
"i","2015-09-01"
"i","2015-09-03"
"i","2015-09-04"
"i","2015-09-09"
"i","2015-09-10"
"i","2015-09-12"
"i","2015-09-14"
"i","2015-09-14"
"i","2015-09-21"
"i","2015-09-26"
"i","2015-10-04"
"i","2016-07-02"
"i","2016-07-10"
"i","2016-07-31"
"i","2016-08-01"
"i","2016-08-09"
"i","2016-08-10"
"i","2016-08-11"
"i","2016-08-12"
"i","2016-08-15"
"i","2016-08-15"
"i","2016-08-15"
"i","2016-08-16"
"i","2016-08-16"
"i","2016-08-20"
"i","2016-08-22"
"i","2016-08-24"
"i","2016-08-24"
"i","2016-08-25"
"i","2016-08-27"
"i","2016-08-30"
"i","2016-08-30"
"i","2016-08-30"
"i","2016-09-02"
"i","2016-09-09"
"i","2016-09-15"
"i","2016-09-24"
"i","2017-07-13"
"i","2017-07-18"
"i","2017-07-21"
"i","2017-07-23"
"i","2017-07-28"
"i","2017-07-31"
"i","2017-07-31"
"i","2017-08-02"
"i","2017-08-10"
"i","2017-08-10"
"i","2017-08-11"
"i","2017-08-11"
"i","2017-08-11"
"i","2017-08-11"
"i","2017-08-12"
"i","2017-08-13"
"i","2017-08-13"
"i","2017-08-13"
"i","2017-08-16"
"i","2017-08-16"
"i","2017-08-17"
"i","2017-08-17"
"i","2017-08-18"
"i","2017-08-19"
"i","2017-08-22"
"i","2017-08-25"
"i","2017-08-27"
"i","2017-08-31"
"i","2017-08-31"
"i","2017-09-04"
"i","2017-09-04"
"i","2017-09-07"
"i","2017-09-10"
"i","2017-09-14"
"i","2017-09-22"
"i","2018-07-10"
"i","2018-07-11"
"i","2018-07-12"
"i","2018-07-15"
"i","2018-07-19"
"i","2018-07-22"
"i","2018-07-24"
"i","2018-07-26"
"i","2018-07-28"
"i","2018-08-02"
"i","2018-08-05"
"i","2018-08-05"
"i","2018-08-06"
"i","2018-08-07"
"i","2018-08-10"
"i","2018-08-10"
"i","2018-08-18"
"i","2018-08-18"
"i","2018-08-18"
"i","2018-08-18"
"i","2018-08-19"
"i","2018-08-19"
"i","2018-08-20"
"i","2018-08-20"
"i","2018-08-21"
"i","2018-08-21"
"i","2018-08-21"
"i","2018-08-22"
"i","2018-08-23"
"i","2018-08-25"
"i","2018-08-25"
"i","2018-08-27"
"i","2018-08-29"
"i","2018-08-30"
"i","2018-09-02"
"i","2018-09-04"
"i","2018-09-13"
"i","2018-09-14"
"i","2018-09-15"
"i","2019-06-23"
"i","2019-07-18"
"i","2019-07-18"
"i","2019-08-01"
"i","2019-08-01"
"i","2019-08-01"
"i","2019-08-02"
"i","2019-08-05"
"i","2019-08-10"
"i","2019-08-10"
"i","2019-08-11"
"i","2019-08-14"
"i","2019-08-17"
"i","2019-08-19"
"i","2019-08-20"
"i","2019-08-21"
"i","2019-08-21"
"i","2019-08-22"
"i","2019-08-22"
"i","2019-08-23"
"i","2019-08-23"
"i","2019-08-23"
"i","2019-08-28"
"i","2019-08-29"
"i","2019-09-01"
"i","2019-09-06"
"i","2019-09-07"
"i","2019-09-08"
"i","2019-09-18"
"i","2019-10-04"
"i","2020-06-22"
"i","2020-07-16"
"i","2020-07-17"
"i","2020-07-25"
"i","2020-07-25"
"i","2020-07-31"
"i","2020-08-01"
"i","2020-08-05"
"i","2020-08-07"
"i","2020-08-11"
"i","2020-08-12"
"i","2020-08-14"
"i","2020-08-14"
"i","2020-08-16"
"i","2020-08-16"
"i","2020-08-17"
"i","2020-08-18"
"i","2020-08-20"
"i","2020-08-22"
"i","2020-08-23"
"i","2020-08-24"
"i","2020-08-29"
"i","2020-08-30"
"i","2020-09-02"
"i","2020-09-02"
"i","2020-09-06"
"i","2020-09-12"
"i","2020-09-13"
"i","2020-09-13"
"i","2020-09-15"
"i","2020-09-17"
"i","2020-10-01"
"i","2021-07-22"
"i","2021-07-22"
"i","2021-07-31"
"i","2021-08-01"
"i","2021-08-02"
"i","2021-08-04"
"i","2021-08-06"
"i","2021-08-08"
"i","2021-08-13"
"i","2021-08-14"
"i","2021-08-17"
"i","2021-08-19"
"i","2021-08-19"
"i","2021-08-20"
"i","2021-08-20"
"i","2021-08-21"
"i","2021-08-21"
"i","2021-08-24"
"i","2021-08-29"
"i","2021-08-29"
"i","2021-08-30"
"i","2021-08-30"
"i","2021-09-03"
"i","2021-09-03"
"i","2021-09-05"
"i","2021-09-09"
"i","2021-09-18"
"i","2022-06-03"
"i","2022-07-04"
"i","2022-07-05"
"i","2022-07-13"
"i","2022-07-17"
"i","2022-07-28"
"i","2022-07-28"
"i","2022-07-28"
"i","2022-08-03"
"i","2022-08-06"
"i","2022-08-06"
"i","2022-08-08"
"i","2022-08-10"
"i","2022-08-13"
"i","2022-08-14"
"i","2022-08-14"
"i","2022-08-22"
"i","2022-08-22"
"i","2022-08-23"
"i","2022-08-24"
"i","2022-08-25"
"i","2022-08-29"
"i","2022-08-31"
"i","2022-09-01"
"i","2022-09-03"
"i","2022-09-05"
"i","2022-09-05"
"i","2022-09-05"
"i","2022-09-07"
"i","2022-09-09"
"i","2022-09-09"
"i","2022-09-11"
"i","2022-09-11"
"i","2022-09-14"
"i","2022-09-14"
"i","2022-09-20"
"i","2023-07-14"
"i","2023-07-19"
"i","2023-07-28"
"i","2023-07-28"
"i","2023-07-30"
"i","2023-08-01"
"i","2023-08-09"
"i","2023-08-11"
"i","2023-08-12"
"i","2023-08-14"
"i","2023-08-16"
"i","2023-08-18"
"i","2023-08-18"
"i","2023-08-20"
"i","2023-08-21"
"i","2023-08-22"
"i","2023-08-26"
"i","2023-09-01"
"i","2023-09-03"
"i","2023-09-08"
"i","2023-09-09"
"i","2023-09-10"
"i","2023-09-11"
"i","2023-09-13"
"i","2023-09-25"
"j","2010-06-22"
"j","2010-06-22"
"j","2010-07-10"
"j","2010-07-13"
"j","2010-07-21"
"j","2010-07-22"
"j","2010-07-24"
"j","2010-07-24"
"j","2010-07-29"
"j","2010-07-31"
"j","2010-08-01"
"j","2010-08-01"
"j","2010-08-07"
"j","2010-08-10"
"j","2010-08-11"
"j","2010-08-12"
"j","2010-08-20"
"j","2010-08-20"
"j","2010-08-23"
"j","2010-08-23"
"j","2010-08-24"
"j","2010-08-26"
"j","2010-08-27"
"j","2010-08-27"
"j","2010-08-29"
"j","2010-08-29"
"j","2010-09-04"
"j","2010-09-05"
"j","2010-09-07"
"j","2010-09-10"
"j","2010-09-11"
"j","2010-09-11"
"j","2010-09-14"
"j","2010-09-17"
"j","2010-09-20"
"j","2010-09-27"
"j","2010-10-08"
"j","2010-10-15"
"j","2011-07-09"
"j","2011-07-20"
"j","2011-07-20"
"j","2011-07-25"
"j","2011-07-29"
"j","2011-08-04"
"j","2011-08-04"
"j","2011-08-07"
"j","2011-08-08"
"j","2011-08-08"
"j","2011-08-10"
"j","2011-08-11"
"j","2011-08-13"
"j","2011-08-16"
"j","2011-08-17"
"j","2011-08-18"
"j","2011-08-19"
"j","2011-08-19"
"j","2011-08-21"
"j","2011-08-21"
"j","2011-08-24"
"j","2011-08-27"
"j","2011-08-27"
"j","2011-08-28"
"j","2011-08-28"
"j","2011-08-29"
"j","2011-08-30"
"j","2011-08-30"
"j","2011-08-30"
"j","2011-08-31"
"j","2011-09-01"
"j","2011-09-01"
"j","2011-09-01"
"j","2011-09-02"
"j","2011-09-05"
"j","2011-09-05"
"j","2011-09-06"
"j","2011-09-07"
"j","2011-09-12"
"j","2011-09-15"
"j","2011-09-17"
"j","2011-09-18"
"j","2012-06-22"
"j","2012-07-04"
"j","2012-07-08"
"j","2012-07-14"
"j","2012-07-17"
"j","2012-07-17"
"j","2012-07-27"
"j","2012-07-29"
"j","2012-07-30"
"j","2012-07-30"
"j","2012-08-01"
"j","2012-08-01"
"j","2012-08-01"
"j","2012-08-05"
"j","2012-08-13"
"j","2012-08-17"
"j","2012-08-24"
"j","2012-08-25"
"j","2012-08-28"
"j","2012-08-29"
"j","2012-08-30"
"j","2012-08-31"
"j","2012-08-31"
"j","2012-09-01"
"j","2012-09-06"
"j","2012-09-09"
"j","2012-09-11"
"j","2012-09-19"
"j","2012-09-23"
"j","2013-07-10"
"j","2013-07-19"
"j","2013-07-25"
"j","2013-07-25"
"j","2013-07-31"
"j","2013-08-03"
"j","2013-08-10"
"j","2013-08-10"
"j","2013-08-12"
"j","2013-08-12"
"j","2013-08-16"
"j","2013-08-18"
"j","2013-08-19"
"j","2013-08-24"
"j","2013-08-26"
"j","2013-08-26"
"j","2013-08-29"
"j","2013-08-30"
"j","2013-09-03"
"j","2013-09-10"
"j","2013-09-10"
"j","2013-09-10"
"j","2013-09-16"
"j","2013-09-16"
"j","2013-09-24"
"j","2013-09-27"
"j","2013-10-01"
"j","2014-07-10"
"j","2014-07-24"
"j","2014-07-25"
"j","2014-07-26"
"j","2014-07-30"
"j","2014-07-31"
"j","2014-08-02"
"j","2014-08-08"
"j","2014-08-13"
"j","2014-08-14"
"j","2014-08-14"
"j","2014-08-16"
"j","2014-08-20"
"j","2014-08-20"
"j","2014-08-27"
"j","2014-09-03"
"j","2014-09-03"
"j","2014-09-05"
"j","2014-09-05"
"j","2014-09-07"
"j","2014-09-08"
"j","2014-09-13"
"j","2014-09-14"
"j","2014-09-20"
"j","2015-07-26"
"j","2015-08-02"
"j","2015-08-04"
"j","2015-08-09"
"j","2015-08-12"
"j","2015-08-15"
"j","2015-08-16"
"j","2015-08-19"
"j","2015-08-21"
"j","2015-08-24"
"j","2015-08-29"
"j","2015-09-10"
"j","2015-09-23"
"j","2015-10-04"
"j","2015-10-07"
"j","2016-06-23"
"j","2016-07-03"
"j","2016-07-04"
"j","2016-07-16"
"j","2016-07-17"
"j","2016-07-21"
"j","2016-07-26"
"j","2016-08-01"
"j","2016-08-02"
"j","2016-08-04"
"j","2016-08-06"
"j","2016-08-09"
"j","2016-08-09"
"j","2016-08-11"
"j","2016-08-11"
"j","2016-08-13"
"j","2016-08-13"
"j","2016-08-17"
"j","2016-08-18"
"j","2016-08-19"
"j","2016-08-19"
"j","2016-08-20"
"j","2016-08-23"
"j","2016-08-23"
"j","2016-08-24"
"j","2016-08-28"
"j","2016-08-28"
"j","2016-08-31"
"j","2016-08-31"
"j","2016-09-02"
"j","2016-09-03"
"j","2016-09-03"
"j","2016-09-04"
"j","2016-09-05"
"j","2016-09-09"
"j","2016-09-09"
"j","2016-09-09"
"j","2016-09-12"
"j","2016-09-14"
"j","2016-09-16"
"j","2016-09-26"
"j","2016-09-27"
"j","2017-06-29"
"j","2017-07-16"
"j","2017-07-16"
"j","2017-07-23"
"j","2017-07-23"
"j","2017-08-02"
"j","2017-08-06"
"j","2017-08-09"
"j","2017-08-18"
"j","2017-08-23"
"j","2017-08-24"
"j","2017-08-25"
"j","2017-08-28"
"j","2017-09-01"
"j","2017-09-03"
"j","2017-09-04"
"j","2017-09-14"
"j","2017-09-21"
"j","2018-07-05"
"j","2018-07-19"
"j","2018-07-23"
"j","2018-07-26"
"j","2018-07-29"
"j","2018-08-01"
"j","2018-08-07"
"j","2018-08-15"
"j","2018-08-18"
"j","2018-08-19"
"j","2018-08-21"
"j","2018-08-23"
"j","2018-08-26"
"j","2018-08-27"
"j","2018-08-28"
"j","2018-08-29"
"j","2018-08-30"
"j","2018-08-31"
"j","2018-09-03"
"j","2018-09-05"
"j","2018-09-05"
"j","2018-09-08"
"j","2018-09-12"
"j","2018-09-13"
"j","2018-09-19"
"j","2019-07-11"
"j","2019-07-19"
"j","2019-07-25"
"j","2019-08-01"
"j","2019-08-04"
"j","2019-08-08"
"j","2019-08-12"
"j","2019-08-12"
"j","2019-08-14"
"j","2019-08-15"
"j","2019-08-15"
"j","2019-08-16"
"j","2019-08-16"
"j","2019-08-17"
"j","2019-08-17"
"j","2019-08-20"
"j","2019-08-25"
"j","2019-08-29"
"j","2019-08-30"
"j","2019-09-05"
"j","2019-09-06"
"j","2019-09-07"
"j","2019-09-08"
"j","2019-09-12"
"j","2019-09-12"
"j","2019-09-20"
"j","2020-07-16"
"j","2020-07-21"
"j","2020-07-22"
"j","2020-07-23"
"j","2020-07-25"
"j","2020-07-30"
"j","2020-08-07"
"j","2020-08-08"
"j","2020-08-10"
"j","2020-08-11"
"j","2020-08-17"
"j","2020-08-19"
"j","2020-08-22"
"j","2020-08-23"
"j","2020-08-25"
"j","2020-08-27"
"j","2020-08-31"
"j","2020-09-01"
"j","2020-09-01"
"j","2020-09-04"
"j","2020-09-06"
"j","2020-09-12"
"j","2020-09-12"
"j","2020-09-13"
"j","2020-09-15"
"j","2020-09-15"
"j","2020-09-16"
"j","2021-07-15"
"j","2021-07-18"
"j","2021-07-25"
"j","2021-07-26"
"j","2021-07-31"
"j","2021-08-01"
"j","2021-08-01"
"j","2021-08-03"
"j","2021-08-05"
"j","2021-08-06"
"j","2021-08-07"
"j","2021-08-08"
"j","2021-08-09"
"j","2021-08-10"
"j","2021-08-11"
"j","2021-08-12"
"j","2021-08-13"
"j","2021-08-14"
"j","2021-08-16"
"j","2021-08-17"
"j","2021-08-17"
"j","2021-08-20"
"j","2021-08-23"
"j","2021-08-23"
"j","2021-08-24"
"j","2021-08-27"
"j","2021-08-27"
"j","2021-08-28"
"j","2021-09-01"
"j","2021-09-02"
"j","2021-09-09"
"j","2021-09-10"
"j","2021-09-12"
"j","2021-09-17"
"j","2021-09-17"
"j","2021-09-25"
"j","2021-09-26"
"j","2022-07-11"
"j","2022-07-22"
"j","2022-07-26"
"j","2022-07-31"
"j","2022-08-04"
"j","2022-08-06"
"j","2022-08-06"
"j","2022-08-07"
"j","2022-08-10"
"j","2022-08-11"
"j","2022-08-11"
"j","2022-08-14"
"j","2022-08-14"
"j","2022-08-14"
"j","2022-08-14"
"j","2022-08-15"
"j","2022-08-18"
"j","2022-08-20"
"j","2022-08-21"
"j","2022-08-23"
"j","2022-08-25"
"j","2022-08-29"
"j","2022-09-01"
"j","2022-09-02"
"j","2022-09-04"
"j","2022-09-06"
"j","2022-09-06"
"j","2022-09-10"
"j","2022-09-11"
"j","2022-09-14"
"j","2022-09-16"
"j","2022-09-30"
"j","2022-10-11"
"j","2023-07-07"
"j","2023-07-10"
"j","2023-07-24"
"j","2023-07-24"
"j","2023-08-01"
"j","2023-08-04"
"j","2023-08-06"
"j","2023-08-06"
"j","2023-08-07"
"j","2023-08-09"
"j","2023-08-09"
"j","2023-08-13"
"j","2023-08-14"
"j","2023-08-16"
"j","2023-08-17"
"j","2023-08-18"
"j","2023-08-18"
"j","2023-08-19"
"j","2023-08-19"
"j","2023-08-24"
"j","2023-08-25"
"j","2023-08-25"
"j","2023-08-27"
"j","2023-08-28"
"j","2023-08-28"
"j","2023-08-28"
"j","2023-08-28"
"j","2023-08-29"
"j","2023-08-30"
"j","2023-09-01"
"j","2023-09-12"
"j","2023-10-14"
